lon,lat,sqft,state_abb,operator,type
-74.49652096447575,40.54425557630532,105786.0,NJ,,building
-81.54651452543965,35.89473769568106,3407194.0,NC,Google,campus
-93.71182964871085,41.51596683171199,11169421.0,IA,Microsoft,campus
-81.26180877040838,35.588771360781784,5431080.0,NC,,campus
-106.54282203991325,35.04994198074902,158463.0,NM,Sandia National Laboratories,building
-77.23645509442149,37.482763284885785,4671056.0,VA,Meta,campus
-74.28548116880219,40.64375303338713,94373.0,NJ,Barclays,building
-76.60643112453295,39.14024170717737,89879.0,MD,AiNET,building
-86.62831680386925,34.84424467802452,14435561.0,AL,Meta,campus
-96.84432644156146,46.81509687104177,25931.0,ND,,building
-77.58237918867958,38.8024111256264,248706.0,VA,Microsoft,building
-120.88638228128598,44.29844323079028,17379079.0,OR,Meta,campus
-120.86588333153831,44.28455821302781,15637431.0,OR,Apple,campus
-97.0410416432689,32.83271789571454,309104.0,TX,Cyxtera,building
-96.81951054637986,32.800943222986994,239835.0,TX,Equinix,building
-71.07975761756323,42.37670588382176,133960.0,MA,,building
-118.23539293645688,34.05810223824728,99270.0,CA,United States Postal Service,building
-96.79843729449848,32.77830147632332,43564.0,TX,,building
-84.31157999997258,39.30389580661304,82813.0,OH,CyrusOne,building
-117.12993394622256,32.827865524456854,83576.0,CA,,building
-117.1693449894231,32.842308661647536,39204.0,CA,EdgeConneX,building
-121.49194609960875,38.6503995314376,204702.0,CA,NTT,building
-121.48918647250004,38.65043183405982,192302.0,CA,NTT,building
-84.26744994290632,34.0822260639216,1294301.0,GA,,campus
-121.7833201255276,37.241586803667886,135022.0,CA,Equinix,building
-84.41211321346512,39.29404817733801,13074.0,OH,,building
-121.98781298697564,37.37343914789955,77132.0,CA,Lumen Technologies,building
-121.95593725165452,37.37881629201175,65471.0,CA,,building
-121.95499188020412,37.378433690080165,81106.0,CA,Equinix,building
-121.95415110304296,37.378039948434136,25031.0,CA,Layer42,building
-121.97361948715526,37.37238819523252,129242.0,CA,Digital Realty,building
-121.96969744738088,37.371519049598696,92193.0,CA,Csquare,building
-121.97269293993044,37.37338590954395,89293.0,CA,Vantage,building
-84.23569669904141,34.09479739753544,127487.0,GA,,building
-84.25175214535511,34.08700522087238,74814.0,GA,Flexential,building
-84.25087563127063,34.09370761226,184012.0,GA,,building
-121.9617004216462,37.36533280955109,80686.0,CA,Cologix,building
-90.197174834978,38.62926158352849,23093.0,MO,,building
-93.28029157225949,44.99145768142225,51180.0,MN,,building
-77.51057747962513,38.80341459582856,52906.0,VA,,building
-77.54111111954948,38.790500006452135,122474.0,VA,Amazon Web Services,building
-77.54000633908686,38.79035015175034,31388.0,VA,Amazon Web Services,building
-77.53827709301147,38.79120375196744,109423.0,VA,Amazon Web Services,building
-84.51789753744696,39.102694860367215,29534.0,OH,CyrusOne,building
-77.594876153305,38.77811126874212,263538.0,VA,Digital Realty,building
-77.43287558139869,39.0216455535984,112726.0,VA,Amazon Web Services,building
-77.43479445422666,39.02156932429181,35700.0,VA,Amazon Web Services,building
-122.93739288182852,45.549583992290586,260339.0,OR,NTT,building
-77.41518975933123,39.02390730425034,79070.0,VA,Centersquare,building
-77.4132010228583,39.02332121207586,89830.0,VA,Centersquare,building
-77.41220365945969,39.02475554990798,135383.0,VA,Centersquare,building
-93.59883127427165,44.85159287119095,135505.0,MN,Flexential,building
-104.97933224935198,39.74523035286353,48787.0,CO,,building
-121.9808693510514,37.39757919675742,146098.0,CA,Csquare,building
-121.98111165280665,37.39861833320087,115693.0,CA,Csquare,building
-121.97830969442312,37.39398377756207,32173.0,CA,Quality Technology Services,building
-121.9717093732258,37.37514209318246,57809.0,CA,CoreSite,building
-121.9720837997304,37.37630188023717,61065.0,CA,CoreSite,building
-121.9718400510976,37.37738265750685,41609.0,CA,CoreSite,building
-121.97068979280724,37.37519609854625,50856.0,CA,CoreSite,building
-121.9696099700251,37.37555851580601,60403.0,CA,CoreSite,building
-121.97839685451906,37.392721680154914,36808.0,CA,Quality Technology Services,building
-77.44176406797281,39.00469915120877,179330.0,VA,Stack Infrastructure,building
-93.25465186805064,44.97130185223087,87697.0,MN,,building
-73.7527452452726,42.64935307487593,15355.0,NY,,building
-83.07698605760793,42.32626638236376,24933.0,MI,Verizon Wireless,building
-70.95247263069143,43.14361852296161,30553.0,NH,University of New Hampshire,building
-77.32729535242555,38.94846385493133,96241.0,VA,Digital Realty,building
-77.32940997255484,38.94881628378597,19325.0,VA,Evocative,building
-77.36454759512179,38.95058588448764,138035.0,VA,CoreSite,building
-77.37236980053557,38.94846756695561,249707.0,VA,CoreSite,building
-70.80804278020655,43.07611925782941,9316.0,NH,FirstLight,building
-104.9956910745452,39.74557178496544,19807.0,CO,,building
-76.9643217094945,39.05856287562289,146301.0,MD,Lincoln Rackhouse,building
-84.22187533686325,39.389018744445785,198403.0,OH,,building
-74.03114084308724,40.79686366512243,68650.0,NJ,Equinix,building
-122.01457953832228,37.41456431406775,122369.0,CA,Equinix,building
-98.4869063933119,29.429371203549056,20898.0,TX,H5 Data Centers,building
-93.63100934776038,41.58799896569892,11253.0,IA,,building
-81.26252687782907,35.588012637841835,564402.0,NC,,building
-73.14729941546844,41.24084597137587,134982.0,CT,Digital Realty,building
-88.21709086831733,41.77216480463177,70123.0,IL,,building
-87.96217216116061,41.9942374288397,469756.0,IL,Digital Realty,building
-93.14746015507276,44.97225309779238,108201.0,MN,H5,building
-112.04132578020344,33.42038002636909,145832.0,AZ,,building
-122.16078171336196,37.44589521919974,12034.0,CA,Equinix,building
-88.24203140069088,40.09525910728646,45620.0,IL,,building
-83.72376141562717,39.912780083635845,79937.0,OH,,building
-87.6299544230129,41.87429345515449,9092.0,IL,Digital Realty,building
-112.0707857401212,33.49433566334995,25456.0,AZ,Lumen Technologies,building
-111.67170400659428,33.30535847275577,14469.0,AZ,,building
-111.67170030901956,33.30627197658142,31625.0,AZ,,building
-87.64014138667577,41.87094383200688,56419.0,IL,Serverfarm,building
-112.11116815143932,33.65904093265778,512814.0,AZ,,building
-77.2258381321817,38.91370196268696,19578.0,VA,,building
-87.6183592533761,41.85365260504632,129156.0,IL,,building
-112.09835688433344,33.68467413549308,110023.0,AZ,Flexential,building
-121.7818392792948,37.24204046852016,166314.0,CA,Equinix,building
-96.05034469682974,41.31800464175668,54386.0,NE,Union Pacific Railroad,building
-80.1901183810463,40.4513685262094,60007.0,PA,,building
-106.61803444531762,34.99544591950108,25568.0,NM,,building
-115.21329217816584,36.06173888983835,378533.0,NV,Switch,building
-115.2102454849461,36.0599251525617,324714.0,NV,Switch,building
-87.9507686963863,42.00077520139855,120191.0,IL,EdgeConneX,building
-77.41151850611422,39.377776311443,64023.0,MD,,building
-74.44309493368364,40.49490313172346,32247.0,NJ,,building
-121.49876273285923,38.64423935185345,151366.0,CA,NTT,building
-95.86382197433596,41.22148561735031,227733.0,IA,,building
-122.390136684847,37.788991656058194,34599.0,CA,Digital Realty,building
-74.07230107005047,40.77860177682814,211455.0,NJ,Equinix,building
-74.06977591206658,40.77642808061452,317271.0,NJ,Equinix,building
-74.06889005365075,40.77485222997869,274326.0,NJ,Equinix,building
-74.07591693201753,40.77741950863346,402960.0,NJ,Equinix,building
-74.06918218107636,40.786164392038,143163.0,NJ,Centersquare,building
-121.48622274444377,38.64634932685158,90196.0,CA,Quality Technology Services,building
-94.67586457208311,39.2906006524332,59078.0,MO,,building
-94.67347189936218,39.29565786992253,240121.0,MO,,building
-94.67802527416188,39.295491746601805,80025.0,MO,,building
-94.68479180000348,39.30240570006526,51140.0,MO,,building
-95.9100313251996,36.262546063389934,414827.0,OK,,building
-88.24360276085451,41.796710709040994,483103.0,IL,CyrusOne,building
-104.83243481918149,39.58830727917688,51338.0,CO,,building
-86.50070264503239,39.17441904078126,94298.0,IN,Indiana University,building
-74.34731684357497,40.52090133887192,829908.0,NJ,,building
-74.45820961832148,40.54921344851484,50646.0,NJ,,building
-74.49202896228643,40.54682624136092,68126.0,NJ,,building
-74.49538057530053,40.544881931883474,62331.0,NJ,Equinix,building
-74.45973725576991,40.5472442650833,352286.0,NJ,Barclays,building
-74.45930065392976,40.5529045023767,302795.0,NJ,Digital Realty,building
-74.4571794816788,40.55377882278532,96114.0,NJ,Digital Realty,building
-122.29056964991396,47.49503090192437,107319.0,WA,,building
-122.28819434180774,47.49485963017309,97862.0,WA,Sabey,building
-121.98840629999836,37.3754951498238,38211.0,CA,Equinix,building
-121.98868795324002,37.37611802320719,26347.0,CA,Equinix,building
-121.98858391314208,37.37652899594956,42360.0,CA,Equinix,building
-121.98850932446408,37.37496213850432,20213.0,CA,Equinix,building
-121.97068417339612,37.37626310504029,51928.0,CA,CoreSite,building
-121.952081932971,37.37700481451302,25424.0,CA,Lumen Technologies,building
-121.95324973327962,37.37501721660046,30065.0,CA,Prime,building
-121.95333535904548,37.37582290579368,57051.0,CA,Digital Realty,building
-121.95314883048796,37.37672946683328,24161.0,CA,,building
-121.95810528697965,37.37828897395487,48539.0,CA,Digital Realty,building
-121.95407689999966,37.374996550088426,24615.0,CA,Digital Realty,building
-121.9559861698452,37.374929097082685,42504.0,CA,Digital Realty,building
-121.95809620000126,37.37502320043753,40287.0,CA,Digital Realty,building
-121.9551929871648,37.37577706129449,27286.0,CA,Csquare,building
-121.95488070140485,37.37502630609213,25825.0,CA,Prime,building
-121.94853104740696,37.3763410080539,44027.0,CA,Digital Realty,building
-121.95068207526988,37.37758479573238,15840.0,CA,Lumen Technologies,building
-121.9483289304616,37.37224989820432,146597.0,CA,Digital Realty,building
-121.9499100438154,37.37977911163557,18864.0,CA,,building
-121.9619460438575,37.389539602058925,51418.0,CA,,building
-87.66900814712955,41.84218652884067,267112.0,IL,Quality Technology Services,building
-87.64550983406528,41.84879669155961,106033.0,IL,Iron Mountain,building
-112.03430310768364,33.42169287468072,38109.0,AZ,,building
-71.20859932011268,42.68570898649228,51354.0,MA,TierPoint,building
-71.30442370850213,42.6302619946922,123665.0,MA,Markley Group,building
-80.93687158006364,35.13543064967395,33741.0,NC,Flexential,building
-111.899226799974,33.344648208315185,67568.0,AZ,Digital Realty,building
-122.31731718771368,47.69332367380439,8025.0,WA,Comcast,building
-77.37742307519908,38.96157142283795,43991.0,VA,,building
-77.64876376105127,38.81506150876172,228140.0,VA,Amazon Web Services,building
-122.35669303335187,47.6177878057982,20600.0,WA,,building
-122.3388642251616,47.61435537680634,13117.0,WA,Digital Realty,building
-77.5318452938603,38.74728120625688,127955.0,VA,,building
-121.9430846177997,37.418407037850685,45282.0,CA,,building
-121.9587992678193,37.36431021578032,57709.0,CA,SV Colo,building
-121.94643635591544,37.3620662092011,166655.0,CA,Microsoft,building
-77.67445377449387,38.747444697578814,85783.0,VA,,building
-104.89748679471974,41.12879048730292,101129.0,WY,University Corporation for Atmospheric Research,building
-122.33646162358502,47.61898482839781,48589.0,WA,H5 Data Centers,building
-121.2013022306046,45.63204799165709,1487396.0,OR,Google,campus
-78.66236321040674,35.7249920936468,46141.0,NC,,building
-77.45900624552966,39.0164707082229,175215.0,VA,Equinix,building
-77.45171989501627,39.01367498906444,83656.0,VA,H5,building
-96.80919489840308,43.60697077791878,55963.0,SD,,building
-77.21161871839628,38.920020715978985,42056.0,VA,Lumen Technologies,building
-77.21358499990595,38.919905150298106,22957.0,VA,DataBank,building
-112.04772494385752,40.5637493311281,183167.0,UT,,building
-87.9728434935898,41.812557111453394,47336.0,IL,Equinix,building
-112.0094263246897,33.41605053769886,79223.0,AZ,,building
-74.17317970568563,40.60738024218361,63435.0,NY,Merrill Lynch,building
-74.17488651961352,40.606985209666014,69999.0,NY,Telehouse,building
-74.00463586981833,40.719998478665225,42396.0,NY,,building
-77.47258021616551,38.91013270273295,72337.0,VA,Digital Realty,building
-90.1964202669285,38.62976100794761,24039.0,MO,,building
-115.07792815622405,36.14473260734884,25884.0,NV,,building
-98.64069026748368,29.44667420261524,127563.0,TX,,building
-98.64112862038242,29.44792213625347,142712.0,TX,,building
-98.64099341797508,29.447199009365736,36014.0,TX,,building
-96.68156543918737,33.09599431363361,121665.0,TX,,building
-96.68376373847305,33.09506355613131,114534.0,TX,Centersquare,building
-95.93649511237068,41.26141936949243,69219.0,NE,,building
-77.4386951674598,37.64689021155886,39778.0,VA,Flexential,building
-77.453440411722,38.89965169321406,85855.0,VA,Amazon Web Services,building
-77.45510184070243,38.89790175442311,30140.0,VA,,building
-77.45407518694847,38.89785914212506,93882.0,VA,Amazon Web Services,building
-77.47224542805822,38.90924510953836,43330.0,VA,,building
-77.47346579109487,38.90979813235743,32222.0,VA,,building
-77.19627275728058,38.75081659536996,56049.0,VA,,building
-84.31955321505815,34.03620188757935,127858.0,GA,,building
-84.42109985598158,33.7776811736858,719736.0,GA,Quality Technology Services,building
-121.98603139645,37.372103697929965,71209.0,CA,Csquare,building
-77.44424695215189,38.98092474637894,130748.0,VA,Centersquare,building
-77.42381651986251,38.98441813209926,48153.0,VA,Centersquare,building
-77.42564884364357,38.98488674675325,127744.0,VA,CyrusOne,building
-77.42410521314366,38.98360375263324,71819.0,VA,Centersquare,building
-84.41520253319351,33.65703230386123,128785.0,GA,Digital Realty,building
-74.02575833881977,40.76076492901499,58356.0,NJ,Cyxtera,building
-74.0250249144998,40.76183107982837,126960.0,NJ,Digital Realty,building
-119.81322935255956,47.24621227884292,151976.0,WA,,building
-119.81318678101924,47.24765247479226,133363.0,WA,,building
-119.81575602489733,47.24616793078344,135310.0,WA,,building
-119.81593119578888,47.24532712863972,4318512.0,WA,Sabey Data Centers,campus
-119.8187531190913,47.25141148987496,2700606.0,WA,Intuit,campus
-119.81966487505578,47.2525738060569,246778.0,WA,,building
-119.82778184700376,47.24698453090597,2171290.0,WA,Yahoo,campus
-119.82886591661293,47.24673555311077,151213.0,WA,,building
-119.8297911817926,47.2459914143102,35848.0,WA,,building
-119.8291703,47.24598939949083,35925.0,WA,,building
-119.82815880653992,47.24598937431324,33824.0,WA,,building
-119.82754149992972,47.24600329947973,33688.0,WA,,building
-119.82866158737184,47.24606673682079,19067.0,WA,,building
-119.86463264336116,47.24435998530277,3068566.0,WA,,campus
-84.48161598883719,33.92551125989177,77660.0,GA,datasite,building
-94.68505095083452,39.290121050497966,30923.0,MO,,building
-122.39793596994734,37.7236016950597,104867.0,CA,Digital Realty,building
-74.0059130609563,40.7165249817088,30791.0,NY,,building
-111.78209278694165,43.8252432321768,18269.0,ID,,building
-112.04789988122732,33.400255234990105,51675.0,AZ,"Cogent Communications, Inc.",building
-96.87306493151615,32.81755909182154,31626.0,TX,CoreSpace,building
-104.8469632823158,39.59013144249605,108473.0,CO,,building
-104.84703864109652,39.591351747526645,62177.0,CO,,building
-122.28973615206532,47.49191977023952,200124.0,WA,Sabey,building
-122.29030164481166,47.493556238112845,203387.0,WA,Sabey,building
-122.28885825770004,47.49341087440766,116828.0,WA,Digital Realty,building
-75.45757328328773,40.635695315852814,48995.0,PA,Flexential,building
-77.46254912313509,39.01790179112408,294156.0,VA,Digital Realty,building
-77.46032653997727,39.01556033255059,59757.0,VA,Equinix,building
-77.46124797924023,39.01598729725932,94665.0,VA,Equinix,building
-77.45880365175545,39.014930750375306,132897.0,VA,Equinix,building
-77.46028710356292,39.021947987272775,186227.0,VA,Equinix,building
-77.45984179886374,39.01993590507545,151562.0,VA,Digital Realty,building
-121.91624119521208,37.40568310648504,89939.0,CA,"CoreSite Real Estate 1656 McCarthy, L.P.",building
-77.45050945562221,38.99378528168933,138071.0,VA,Amazon Web Services,building
-77.44767141862896,38.98872330810434,149598.0,VA,Amazon Web Services,building
-77.44790209132543,38.99463732348249,10175.0,VA,QTS Data Centers,building
-77.46307101056209,39.02011263672101,298859.0,VA,Digital Realty,building
-77.46358953091513,39.02106804323565,226152.0,VA,Digital Realty,building
-77.45759526371418,39.0221725562622,49022.0,VA,Lumen Technologies,building
-77.45360972261447,39.022140336655866,90029.0,VA,Centersquare,building
-77.45486923381064,39.02276445956019,138507.0,VA,NTT,building
-111.88662619785596,33.27497378533701,294678.0,AZ,Digital Realty,building
-111.88590913146852,33.27691083822963,50925.0,AZ,H5,building
-111.88191152923802,33.27085532906607,137355.0,AZ,CyrusOne,building
-77.47539286797381,39.01253746084648,125613.0,VA,Equinix,building
-77.48709346092416,39.00333638342545,134503.0,VA,Digital Realty,building
-77.48544866796638,39.00275165389682,116698.0,VA,Amazon Web Services,building
-77.48334543979661,39.002021512406806,180269.0,VA,Digital Realty,building
-77.48195442999278,39.00275464974417,133113.0,VA,Digital Realty,building
-77.48435473615672,39.00429228111817,114428.0,VA,Digital Realty,building
-77.48213787541994,39.01554879745239,144740.0,VA,Databank,building
-77.48327064329858,39.01560147883306,54700.0,VA,,building
-111.60405623426205,33.34701915860399,1338261.0,AZ,Apple Inc.,building
-87.95284650862307,42.216756536018735,55001.0,IL,VISA,building
-105.95657515744648,35.67244389730999,31727.0,NM,SONM,building
-98.50652172672936,29.438279094436894,12722.0,TX,Lumen Technologies,building
-120.88726144669496,44.29588334105515,269642.0,OR,,building
-122.93181213080427,45.55018168886831,89232.0,OR,,building
-122.89744896301694,45.547311791366376,215217.0,OR,,building
-122.89195798239216,45.54761722382477,68807.0,OR,Digital Realty,building
-122.8908514025637,45.5498209002179,41245.0,OR,Flexential,building
-122.89220172053012,45.55033398642741,44088.0,OR,Flexential,building
-85.50724111669626,38.277197827679295,34794.0,KY,Flexential,building
-85.73335104065765,38.24249601378566,36525.0,KY,Flexential,building
-75.16083249176855,39.95980952635984,119659.0,PA,,building
-117.09593477622664,47.671916867147694,14435.0,WA,,building
-76.62552663391303,39.27538391165092,30131.0,MD,,building
-122.29440690516354,47.49413118771306,19791.0,WA,Sabey,building
-122.29368392327882,47.49307629033907,19140.0,WA,Sabey,building
-122.293319807759,47.49214782871073,38547.0,WA,Sabey,building
-119.81449029306091,47.25016454994511,147430.0,WA,,building
-119.86571157127666,47.24358751309279,99760.0,WA,NTT,building
-119.85935927491568,47.23881859630125,44365.0,WA,,building
-119.85936632665342,47.23826232566218,32106.0,WA,,building
-90.482409225225,41.55026944582376,53983.0,IA,,building
-88.21951394141162,41.90535458903981,14550.0,IL,,building
-74.45667583889342,40.5528187281629,61263.0,NJ,,building
-85.94132960161893,39.71718414793671,21005.0,IN,Verizon Wireless,building
-74.06435818266343,40.78473886879808,34462.0,NJ,,building
-111.9860469169242,40.62035188350187,30547.0,UT,Flexential,building
-121.94391134202756,37.36168658658687,297948.0,CA,Digital Realty,building
-121.90379949999844,37.699475300043446,941.0,CA,,building
-122.33974344575807,47.61442272967249,12575.0,WA,Equinix,building
-74.48400692707673,40.55696486399719,343444.0,NJ,Quality Technology Services,building
-76.92590821703205,39.052822508078144,43057.0,MD,,building
-98.69072125219772,29.478216376231007,258191.0,TX,Microsoft,building
-98.6926080915504,29.479925996060736,478642.0,TX,Microsoft,building
-98.69655923476324,29.48106634167372,194916.0,TX,Microsoft,building
-66.0516872147712,18.446826968330527,23137.0,PR,Claro,building
-75.40863781443159,40.1270582669318,34224.0,PA,Lumen Technologies,building
-77.22055679495352,38.90913922220713,79709.0,VA,Equinix,building
-77.21974420009786,38.9083675000258,20483.0,VA,,building
-122.68070403612808,45.52154358199719,41556.0,OR,,building
-122.87550380152314,45.52668379341888,25297.0,OR,Oregon Health & Science University,building
-96.66095239322138,33.135980195526706,162023.0,TX,,building
-120.8839983863009,44.29489361961425,231830.0,OR,,building
-122.480547528078,48.75726819331372,4312.0,WA,CSS Communications,building
-87.95256335815348,42.001494373393264,64358.0,IL,EdgeConneX,building
-87.95521312428228,42.00115870787965,135800.0,IL,Equinix,building
-87.9671757623118,41.97422731222964,44358.0,IL,Element Critical,building
-87.95817200961845,41.99204041535668,198323.0,IL,Centersquare,building
-104.83755343632713,39.55897087407264,198772.0,CO,Flexential,building
-83.26266713633784,42.4476969142348,40574.0,MI,EdgeConneX,building
-97.72359737399287,30.261396172131168,5068.0,TX,Lumen Technologies,building
-97.72210231000722,30.261043226760545,36089.0,TX,Alpheus,building
-97.6957806400088,30.21217551197644,79985.0,TX,,building
-97.7070441537442,30.20067632042548,86445.0,TX,,building
-97.69796494527762,30.205929677925745,77356.0,TX,,building
-97.69607393452048,30.215503976280196,50461.0,TX,,building
-77.4454155025337,39.04872822028961,349987.0,VA,,building
-97.7126675657396,30.21429715095225,30876.0,TX,,building
-87.9735185179455,41.99366849754896,174575.0,IL,Skybox,building
-121.93101655253416,37.48986462008944,33640.0,CA,Hurricane Electric,building
-82.71902751224367,41.4324305009821,633484.0,OH,Aligned Data Centers,building
-97.71239983833571,30.196499004972576,74722.0,TX,,building
-97.71378843935518,30.198926082371678,137095.0,TX,,building
-121.92211346250495,37.47533720746737,65815.0,CA,XO,building
-121.92031059714007,37.471827238512944,181268.0,CA,Hurricane Electric,building
-97.69617577010004,30.342800020345656,61978.0,TX,,building
-87.96468543810447,41.97576175006559,92076.0,IL,Element Critical,building
-74.17392520750958,40.73672574708444,89363.0,NJ,Tishman,building
-84.06107488394335,34.03538969563108,310488.0,GA,Quality Technology Services,building
-84.0577034926908,34.03709880816788,360379.0,GA,Quality Technology Services,building
-92.44472351005184,34.75623579847398,31845.0,AR,,building
-122.01456250837072,37.39960173949957,21678.0,CA,Equinix,building
-84.19856192066597,33.95476871472785,32309.0,GA,Flexential,building
-122.3016903104198,47.84181079877673,104460.0,WA,Centersquare,building
-120.87507749015272,44.28941552511668,9228.0,OR,Apple,building
-104.78726998003246,38.98574620589175,219542.0,CO,Walmart,building
-96.0277741269746,41.33832138450139,11836.0,NE,,building
-96.02861432583268,41.33843614997797,87375.0,NE,,building
-86.67309882783594,34.73654090277783,14919.0,AL,Alabama Supercomputer Authority,building
-87.85923594325138,41.92837828612005,90165.0,IL,Digital Realty,building
-119.86448737759343,47.23763280547861,36918.0,WA,,building
-119.88299787007462,47.23947854795628,151246.0,WA,Microsoft,building
-119.88308360926234,47.23857484529072,147922.0,WA,Microsoft,building
-119.85940592515068,47.23948769629937,46835.0,WA,,building
-104.90530165717428,41.12341444962218,8353216.0,WY,Microsoft,campus
-104.90187602195962,41.1262309898459,140780.0,WY,,building
-122.34815288067006,47.619324932166734,45743.0,WA,,building
-122.34859631775392,47.61891975961567,20239.0,WA,,building
-96.08338762268534,41.16546905416773,40714.0,NE,Fidelity,building
-118.38631267027328,33.91772905166227,71500.0,CA,Centurylink,building
-118.38643608724033,33.92174167558056,119102.0,CA,Serverfarm LLC.,building
-118.38463005026092,33.9156488974591,113310.0,CA,Digital Realty,building
-104.98324467111505,39.92241855755477,86059.0,CO,Google,building
-118.25751427697324,34.04732574551566,66979.0,CA,,building
-118.25554585155656,34.04789230531704,43850.0,CA,,building
-82.29992999372256,29.672591133291224,36370.0,FL,University of Florida,building
-77.41452291234779,39.02594651093395,265601.0,VA,CyrusOne,building
-80.19307541186281,25.782378977030262,122625.0,FL,,building
-80.230033722435,25.79754440402661,15911.0,FL,,building
-77.43403366059391,39.02432710048146,506948.0,VA,CyrusOne,building
-93.82494906980826,41.540615955851,39146.0,IA,Microsoft,building
-93.51472775765038,41.6642411277008,315400.0,IA,Meta,building
-93.5081704115336,41.66553719114288,307370.0,IA,Meta,building
-117.80580094927475,33.716777907497594,85658.0,CA,,building
-117.42000258764048,47.654225584825305,25399.0,WA,Lumen Technologies,building
-89.43673598135521,43.06728877873921,9176.0,WI,,building
-77.97818714607277,38.454936889103365,1299936.0,VA,Equinix,campus
-121.88797542273252,37.33363768871057,102004.0,CA,,building
-74.06556019989502,40.78413403768732,150951.0,NJ,,building
-74.06804834898094,40.787550185315126,101304.0,NJ,Evocative,building
-74.13418574563293,40.82145355154189,107857.0,NJ,bt,building
-104.8603774822199,39.5989600863557,33804.0,CO,,building
-104.86018232055083,39.59993080115642,61435.0,CO,,building
-97.7011142781365,30.206993743520524,189921.0,TX,,building
-74.10158204974093,40.15704355065648,25904.0,NJ,Apollo,building
-72.88334530997138,40.84365992460773,36746.0,NY,,building
-77.45151283533546,39.02101419483995,152397.0,VA,Equinix,building
-77.45106545332197,39.0265748165722,1088049.0,VA,Amazon Web Services,campus
-77.4586618970949,39.02886985735719,1022344.0,VA,Amazon Web Services,campus
-77.49198694607598,38.91580512574743,152289.0,VA,Amazon Web Services,building
-77.44219586774605,38.9865020849492,709715.0,VA,,campus
-77.43650684069107,38.991413813734994,64127.0,VA,Amazon Web Services,building
-77.43706177436276,38.990567610094665,78441.0,VA,Amazon Web Services,building
-77.44882479290187,38.99069899784283,75817.0,VA,Amazon Web Services,building
-77.44857953268574,38.99169289545036,103452.0,VA,Amazon Web Services,building
-77.54821678521624,38.78993178096453,118192.0,VA,Amazon Web Services,building
-77.54844963730864,38.79222600770484,127281.0,VA,Amazon Web Services,building
-77.54837196346583,38.79106882111887,126699.0,VA,Amazon Web Services,building
-82.75171093377944,40.09388273554784,1106310.0,OH,Amazon Web Services,campus
-83.13425799033122,40.05990219147888,2578490.0,OH,Amazon Web Services us-east-2 datacenter,campus
-119.26632355,45.91583559984652,2605.0,OR,,building
-119.2665274,45.915835599846574,2608.0,OR,,building
-119.26672585,45.91583559984652,2605.0,OR,,building
-119.26711215,45.91583559984655,2605.0,OR,,building
-119.26731594999998,45.91584309984662,2605.0,OR,,building
-119.26751175,45.91583189984655,2605.0,OR,,building
-119.26771695000002,45.91583559984655,2605.0,OR,,building
-119.26777584933068,45.91640356429687,133053.0,OR,Amazon Web Services,building
-119.65276874957644,45.84100319369004,127483.0,OR,Amazon Web Services,building
-119.62988821726834,45.85223533738975,267452.0,OR,Amazon Web Services,building
-119.6305237000272,45.85088075126984,103260.0,OR,Amazon Web Services,building
-121.88842909046676,37.38826955704538,109684.0,CA,Equinix,building
-122.39046904827536,37.78873103633594,39318.0,CA,Digital Realty,building
-81.82213877550394,35.3142312569782,241126.0,NC,Meta,building
-81.82632689449466,35.31737236865609,244176.0,NC,Meta,building
-121.88929689106432,37.40390424000007,75249.0,CA,NTT Limited,building
-121.96982954691394,37.37043804478318,83921.0,CA,Csquare,building
-121.97250520730036,37.371778697164096,75686.0,CA,Vantage,building
-120.1874901793035,47.40716362579416,192887.0,WA,Sabey Data Centers,building
-120.18929355566496,47.40871425585381,262378.0,WA,Sabey Data Centers,building
-120.19173054919484,47.40758787947685,2771098.0,WA,,campus
-77.44818874268246,38.99422739840353,35740.0,VA,,building
-77.45274689712927,39.02173368633118,77749.0,VA,Centersquare,building
-77.48561242978808,39.00505158640794,153355.0,VA,Amazon Web Services,building
-74.12674913164862,40.82992945585005,29614.0,NJ,Digital Realty,building
-74.54565865822576,40.537986381868514,318583.0,NJ,CyrusOne,building
-74.5534089707814,40.53601964911133,121002.0,NJ,,building
-74.55554039982248,40.5375383526,125668.0,NJ,Digital Realty,building
-74.12451439724033,40.83058580151704,71645.0,NJ,Digital Realty,building
-118.34378887471212,34.19986910792885,43140.0,CA,Centurylink,building
-77.44952022668694,39.02636804262541,147979.0,VA,Amazon Web Services,building
-77.45087034712718,39.026357370464034,148678.0,VA,Amazon Web Services,building
-119.54857352752408,39.56710538351869,276687.0,NV,,building
-122.2730981200017,38.254085135435545,162791.0,CA,,building
-96.86858877539872,32.806954885472585,80859.0,TX,Lumen Technologies,building
-96.87839306215342,32.83796688361756,88881.0,TX,Prime,building
-96.88438205812224,32.82799793180718,12977.0,TX,Lumen Technologies,building
-96.87374979541195,32.82754986077816,24499.0,TX,Digital Realty,building
-96.87359763406624,32.82173820429836,67717.0,TX,DataBank,building
-96.85735461854576,32.807972677629614,71358.0,TX,TierPoint,building
-77.44116774003697,38.99181366629844,147390.0,VA,Amazon Web Services,building
-77.44187048800238,38.99096434751658,147468.0,VA,Amazon Web Services,building
-104.87793294999813,39.58924804995954,8059.0,CO,Verizon,building
-112.35998844515764,33.41949068772329,413250.0,AZ,,building
-96.79457490220037,32.78371232090692,49853.0,TX,,building
-122.91709178475038,45.558285521867774,214259.0,OR,Flexential,building
-74.15291807503208,41.078302339181775,200804.0,NJ,nyse,building
-118.11402444850228,34.57998399250564,17388.0,CA,,building
-104.52196604272532,38.80265970986479,42627.0,CO,,building
-122.76587362101382,45.31873065187943,24854.0,OR,,building
-96.6765444557892,33.00929860932998,108401.0,TX,,building
-96.65737558964425,33.137934223084564,30651.0,TX,,building
-95.86367622394388,30.018697853415755,352246.0,TX,DXC Technology,building
-77.55909921912577,38.77797945837826,146162.0,VA,Amazon Web Services,building
-77.55789122919084,38.77743693462092,147480.0,VA,Amazon Web Services,building
-81.6835984766603,41.50635749142958,71439.0,OH,,building
-117.84410419953558,33.70750645042811,37065.0,CA,TPx Communications,building
-118.2555689501841,34.04791495021397,25505.0,CA,,campus
-81.66242566977944,30.33142981885113,30201.0,FL,,building
-119.8874068597649,47.23948680981334,143439.0,WA,Microsoft,building
-119.86445275389522,47.23856068621164,44446.0,WA,,building
-119.82542905367347,47.24760077002591,138534.0,WA,,building
-97.25934313221772,32.98378403788744,634395.0,TX,Meta,building
-94.7702895910638,38.92517007028676,44552.0,KS,,building
-97.24529013457187,33.00638147848431,242536.0,TX,,building
-97.25920173475927,32.98885535912591,277996.0,TX,Quality Technology Services,building
-98.68954665082217,29.472846040284345,55066.0,TX,Lowe's,building
-98.68620953197288,29.47034447909316,48815.0,TX,CHRISTUS Health,building
-98.68765019924956,29.470223440456333,68591.0,TX,Frost Bank,building
-98.68811007066918,29.46655501468974,102327.0,TX,CyrusOne,building
-98.68006447609892,29.47428541340784,58304.0,TX,Valero,building
-98.6717367823064,29.472016548814928,71324.0,TX,,building
-98.67299896081856,29.47084945067936,108554.0,TX,CyrusOne,building
-98.67219273226,29.47004426742346,100537.0,TX,CyrusOne,building
-80.91620847296733,35.14278901717108,93604.0,NC,,building
-120.87012500756974,44.28888249144302,377457.0,OR,,building
-82.35116156727058,27.94553184264413,97332.0,FL,Cyxtera,building
-96.98278763369082,32.89728320232041,306213.0,TX,Quality Technology Services,building
-88.09488558888414,41.80234062646393,361205.0,IL,Centersquare,building
-111.83930897383505,33.36191382983084,91811.0,AZ,,building
-117.15894804229632,32.74757512655355,88910.0,CA,American Telephone & Telegraph,building
-86.76414722152771,36.14048086552297,10355.0,TN,,building
-84.38373631254974,33.76514415943699,23046.0,GA,,building
-104.8980886,41.124032949239215,62914.0,WY,,building
-104.8992687499629,41.124036799320784,67797.0,WY,,building
-104.89927145,41.12528359932865,62555.0,WY,,building
-104.89808331876364,41.12528676311575,63264.0,WY,,building
-80.04253151075422,40.42737727783291,27441.0,PA,Expedient,building
-111.85899423023751,33.421284262350255,57992.0,AZ,Centersquare,building
-95.56325379028314,29.99520064778405,264173.0,TX,DXC Technology,building
-95.56398536553904,29.997307161324283,113970.0,TX,DXC Technology,building
-84.64299464110024,42.68795132456832,23079.0,MI,,building
-77.49325147292357,38.9168847531172,143980.0,VA,Amazon Web Services,building
-84.66608910001226,42.70539040001097,72843.0,MI,,building
-77.51987469094145,38.94932164782646,149941.0,VA,Amazon Web Services,building
-84.67590752731094,34.0707036329806,18558.0,GA,,building
-93.51143854964342,41.66969372876868,26568553.0,IA,Meta,campus
-96.79470699634729,43.59991456599551,243125.0,SD,,building
-82.81062585456809,40.10386011394031,102681.0,OH,,building
-82.80494540049781,40.10455003825464,44250.0,OH,,building
-82.80893932428502,40.10367720079985,32222.0,OH,,building
-96.7525015956488,32.99481331799373,68520.0,TX,Flexential,building
-96.72550500041572,33.17179580069162,76624.0,TX,,building
-83.00256546104873,40.11571701578424,56266.0,OH,,building
-121.89338203369856,37.40255873642884,78105.0,CA,Stack Infrastructure,building
-121.89238428102912,37.40221252579365,107993.0,CA,Stack Infrastructure,building
-92.28862384290709,38.9235119701765,39487.0,MO,,building
-93.50646556541808,41.66707142244616,377755.0,IA,Meta,building
-77.4575028799799,39.02790807231044,121176.0,VA,Amazon Web Services,building
-77.45968288935686,39.02956976120693,202194.0,VA,Amazon Web Services,building
-77.4582461041282,39.02877370248201,110965.0,VA,Amazon Web Services,building
-82.75133937578003,40.09462975659448,161683.0,OH,Amazon Web Services,building
-111.60413892780116,33.34702102097167,1263277.0,AZ,,building
-111.60431805940924,33.34679827603292,3983906.0,AZ,Apple,campus
-97.59160304354108,30.421141229242764,9209.0,TX,,building
-73.38864944847491,41.11309235035119,77778.0,CT,CyrusOne,building
-97.71307641626,30.19958813781982,104857.0,TX,,building
-106.77989614196927,34.8302282334924,21836553.0,NM,Meta,campus
-84.58522343651347,33.7505902365265,2608502.0,GA,Google,campus
-95.86449775401766,41.22165804807755,2304742.0,IA,Google,campus
-87.91824122484651,41.923005619536646,306766.0,IL,Microsoft,building
-99.30018745000542,38.87213220021316,11561.0,KS,,building
-115.21425795862818,36.057833939238215,264412.0,NV,Switch,building
-115.21962787172576,36.055707545706994,286176.0,NV,Switch,building
-95.57078462369284,29.82150611372374,98195.0,TX,,building
-70.9505927450425,42.982091089771785,7733.0,NH,Phillips Exeter Academy,building
-122.28956096659816,47.82242518543509,24944.0,WA,,building
-96.6559259339588,33.13780536915544,33064.0,TX,,building
-96.65995157388971,33.13852055876386,271378.0,TX,CyrusOne,building
-119.65497937870389,45.8404435353901,151857.0,OR,Amazon Web Services,building
-119.26773387516516,45.91744776004561,260806.0,OR,Amazon Web Services,building
-77.4528288502262,39.027108657277445,150443.0,VA,Amazon Web Services,building
-77.44975813852024,39.0230066415448,96380.0,VA,Equinix,building
-96.66164643777844,33.000144175089304,19684.0,TX,Stream,building
-96.71587662115734,32.96478869284149,112950.0,TX,Rackspace,building
-96.71321200734354,32.966281179214505,83615.0,TX,Digital Realty,building
-96.71054642217494,32.96723267704503,122436.0,TX,Digital Realty,building
-96.71119611224064,32.96625357197764,62460.0,TX,,building
-96.7133081589403,32.96724066068804,122015.0,TX,Digital Realty,building
-96.71029113488274,32.96504621467304,116539.0,TX,Digital Realty,building
-96.71260861653484,32.96520380450456,222335.0,TX,Digital Realty,building
-96.7155872032112,32.96607650613046,109470.0,TX,Digital Realty,building
-77.47934369722755,39.00155183162294,112516.0,VA,Digital Realty,building
-77.48059544638194,39.00051142251577,206225.0,VA,Digital Realty,building
-77.47806996501424,39.00000986435985,144298.0,VA,Digital Realty,building
-77.47718416154996,39.00110985023303,114543.0,VA,Digital Realty,building
-94.86768784080613,38.94011284438559,198601.0,KS,,building
-94.8644712263048,38.93564309846072,162098.0,KS,,building
-121.78476265158876,37.241198528847725,86340.0,CA,Equinix,building
-75.19532326682351,39.83093011411571,41058.0,NJ,,building
-96.14761886051996,41.22040844920032,38873.0,NE,Verizon Wireless,building
-81.39343863284896,28.61746822748528,107548.0,FL,,building
-80.04145344691864,33.064272175156404,146623.0,SC,Google,building
-76.6828450662765,39.213451704108,33372.0,MD,,building
-77.45763923535499,39.02501032438008,74197.0,VA,NTT,building
-109.52899881097022,40.45659345173178,12971.0,UT,,building
-74.67032960036524,40.570372202161614,276729.0,NJ,,building
-84.23739137243545,34.09658361289754,116842.0,GA,,building
-115.21413677748544,36.05588519591084,230261.0,NV,Switch,building
-90.25539338967404,38.63656882805553,24519.0,MO,Washington University in St. Louis,building
-74.57387794234592,40.58147446747312,28468.0,NJ,,building
-80.04215854242156,33.06378014460109,8310940.0,SC,Google,campus
-85.45584883805839,31.231904196338384,10736.0,AL,AngelTrax Mobile Video Surveillance Solutions,building
-106.78382909936067,34.830246608460115,654433.0,NM,Meta,building
-119.65793309033624,45.841413570882,284033.0,OR,Amazon Web Services,building
-122.27986153681454,47.15884380411734,93539.0,WA,,building
-122.27930643656472,47.16085522590024,115786.0,WA,,building
-84.27302456443608,34.05713671179483,595317.0,GA,Ascent,campus
-98.80398520347534,29.41195432542485,169781.0,TX,Microsoft,building
-98.80273022506276,29.41201232003809,177468.0,TX,Microsoft,building
-119.86960399091237,47.243696120678365,1779563.0,WA,CyrusOne,campus
-77.46564263578887,39.01753209282454,409481.0,VA,Digital Realty,building
-77.47198105085518,39.01773031842296,2116133.0,VA,,campus
-77.47037644027546,39.01718232920256,231924.0,VA,NTT,building
-77.46731852528755,39.015466253556106,329257.0,VA,Digital Realty,building
-96.66635359923826,33.00705207090953,217850.0,TX,Flexential,building
-81.26027296867808,35.58705991324804,207083.0,NC,,building
-87.97785780206577,42.86317702172799,26099.0,WI,,building
-77.54172453948773,38.779381509444576,149064.0,VA,Amazon IAD85,building
-69.92315054547124,43.895071082625066,55383.0,ME,FirstLight,building
-82.7503408359755,40.06840826479164,663238.0,OH,Meta,building
-95.44332796622496,29.65814636487484,25487.0,TX,,building
-97.25507514509351,32.984993663270515,435206.0,TX,Meta,building
-83.13517288858029,40.06115215749759,161809.0,OH,Amazon Web Services,building
-78.37655327186563,36.685373308018725,11273954.0,VA,Microsoft,campus
-77.23828608770066,37.49580861055279,2209960.0,VA,,campus
-77.52095152964785,38.94868695570169,181794.0,VA,Amazon Web Services,building
-77.52183101959601,38.94838582329714,184907.0,VA,Amazon Web Services,building
-77.5243689977558,38.943153938233976,215928.0,VA,Google,building
-77.49806149327199,38.95792208165856,188334.0,VA,Amazon Web Services,building
-77.49778688217901,38.95678305314267,154814.0,VA,Amazon Web Services,building
-119.88757256028282,47.23765678799786,112036.0,WA,Microsoft,building
-119.88319809847748,47.23762824027307,116001.0,WA,Microsoft,building
-119.88329009579328,47.23672160801631,157191.0,WA,Microsoft,building
-119.88747588150468,47.236737102694434,162608.0,WA,Microsoft,building
-119.81372107907391,47.25394644110428,124695.0,WA,,building
-77.47156052841791,39.01202683336312,48591.0,VA,,building
-77.4498761385079,38.99945874398648,402308.0,VA,,campus
-77.54831684502851,38.79098152194525,989045.0,VA,,campus
-77.44184182852638,38.986278739590496,136770.0,VA,Amazon Web Services,building
-77.44263838662451,38.98699723329166,116533.0,VA,Amazon Web Services,building
-77.65291934437082,38.81513240657421,147547.0,VA,Amazon Web Services,building
-77.65269565653946,38.81581597741176,1278242.0,VA,Amazon,campus
-119.26771376022246,45.913883188873065,271590.0,OR,Amazon Web Services,building
-119.65544902618971,45.84117425838994,123601.0,OR,Amazon Web Services,building
-119.6300360999594,45.853786061670256,263671.0,OR,Amazon Web Services,building
-119.60370922412667,45.84665532541318,211981.0,OR,Amazon Web Services,building
-119.88771018102906,47.23776925865819,8381014.0,WA,Microsoft,campus
-121.20240398131143,45.63852891759573,1100932.0,OR,Google,campus
-77.45017109526839,38.99951534656983,164144.0,VA,Quality Technology Services,building
-77.46725431679586,39.00645434248415,244372.0,VA,Digital Realty,building
-77.46762344628391,39.0077179647985,549223.0,VA,Digital Realty,building
-77.46553606881868,39.01270664038011,289043.0,VA,Digital Realty,building
-77.43982021083254,39.00065496674865,224621.0,VA,GI Partners,building
-77.43766056847713,39.00239460734178,127578.0,VA,Vantage Data Centers,building
-77.41165153795028,38.988603084770965,147749.0,VA,Amazon Web Services,building
-77.4111191682655,38.98784716047373,149486.0,VA,Amazon Web Services,building
-77.41047540861862,38.98694260549739,149857.0,VA,Amazon Web Services,building
-77.42742182982602,38.981642917536455,150384.0,VA,Amazon Web Services,building
-77.41322000920242,39.021167383773054,154011.0,VA,CyrusOne,building
-77.43388565556346,39.02022492908554,150826.0,VA,Amazon Web Services,building
-77.43402989103284,39.01916893584491,150804.0,VA,Amazon Web Services,building
-77.45069857065232,39.03549407754049,148005.0,VA,Amazon Web Services,building
-77.44979480828684,39.03629402145032,146333.0,VA,Amazon Web Services,building
-77.49436645394151,38.917010722177295,151356.0,VA,Amazon Web Services,building
-77.47725088518797,38.91607635389445,213595.0,VA,Amazon Web Services,building
-106.5421751246662,35.04834871785767,43011.0,NM,,building
-77.53939966702264,39.05143172924,1291753.0,VA,Google,campus
-120.87021590519326,44.28727726878123,344665.0,OR,,building
-120.88151890467708,44.29368315614664,328376.0,OR,,building
-119.36661621765712,45.79780879526037,215703.0,OR,Amazon Web Services,building
-77.24588647315302,37.48900065235947,3801096.0,VA,Quality Technology Services,campus
-77.47827343879716,39.01541716578102,144382.0,VA,,building
-87.2600112195247,36.62857603307224,26612163.0,TN,Google LLC,campus
-77.53957659001316,39.05264058118304,140634.0,VA,Google,building
-104.89703157236752,41.12869983787105,571755.0,WY,University Corporation for Atmospheric Research,campus
-84.58121647346032,33.74422840992556,249314.0,GA,,building
-87.96490377244766,41.99439647260606,348220.0,IL,Digital Realty,building
-87.95773561339534,41.99446382316948,302974.0,IL,Digital Realty,building
-96.81513069944252,33.08756902002124,375691.0,TX,,campus
-74.0686769901749,40.77506789883385,535110.0,NJ,Equinix,campus
-74.07270033730751,40.77751886890039,70938.0,NJ,Equinix,building
-77.52625036711285,38.94277143488421,2143143.0,VA,Google,campus
-77.5215991553083,38.94833223285257,1654964.0,VA,,campus
-95.7554503307746,29.80286842346413,344540.0,TX,Skybox,campus
-85.74826082398661,34.914333709146234,7582142.0,AL,Google LLC,campus
-96.14372146857282,41.121753730397295,5922319.0,NE,Meta,campus
-74.51939325696017,40.57989412652374,85030.0,NJ,PSE&G,building
-81.3950094307914,35.25044990396285,379990.0,NC,,campus
-92.52212055150672,44.07081644375691,48317.0,MN,,building
-82.8007477594743,40.106353701609386,563283.0,OH,,campus
-96.4028549048576,33.971721452767405,13494.0,OK,Choctaw Nation of oklahoma,building
-122.92783045218717,45.558767154104125,157854.0,OR,Quality Technology Services,building
-74.24350729682128,40.584343135171615,159389.0,NJ,,building
-111.9548376637448,40.756306581410776,63362.0,UT,Flexential,building
-123.00186141171868,44.92654909196885,46536.0,OR,State of Oregon,building
-122.91685270250116,45.56799342826786,283056.0,OR,Digital Realty,building
-80.19329665075328,26.190085718944182,73580.0,FL,Flexential,building
-95.4865263462616,30.17778285074309,126121.0,TX,,building
-77.4246254873571,38.98255213281915,103663.0,VA,Amazon Web Services,building
-77.41909467085335,39.02369830815542,102452.0,VA,Amazon Web Services,building
-77.42043928426207,39.02434599828099,102629.0,VA,Amazon Web Services,building
-115.10126087457564,36.24816478211208,110728.0,NV,Flexential,building
-98.5247312569212,33.95337794611651,39127.0,TX,,building
-121.3285496442757,44.04740740013566,11249.0,OR,,building
-83.77960216531768,42.968713165412495,36835.0,MI,,building
-74.70962307676368,40.59934510477914,19551.0,NJ,,building
-74.71011198716056,40.59971850671678,54527.0,NJ,,building
-106.78034710972685,34.83004000903251,543736.0,NM,Meta,building
-78.7839857849851,35.76675058444294,8134.0,NC,,building
-88.73398014165807,42.83365364525283,9001.0,WI,AT&T,building
-113.29267194552416,46.33213162016486,1510.0,MT,,building
-74.68281624993381,40.52807180013584,7942.0,NJ,,building
-74.70559634852464,40.555692492579,156691.0,NJ,,building
-77.23731114669016,37.483928208517945,588189.0,VA,Meta,building
-88.34487612453424,44.20445478438387,60180.0,WI,Involta,building
-120.879434601439,44.29909531760913,630160.0,OR,,building
-120.88988386659982,44.30125484226488,622980.0,OR,,building
-83.44414059814616,42.23532661902879,24599.0,MI,US Signal,building
-119.542362748536,39.56771439975202,89831.0,NV,,building
-119.54320948328537,39.5675010277547,89571.0,NV,,building
-119.54438836390534,39.567160471410034,88594.0,NV,,building
-119.54522686760028,39.56692084061534,92133.0,NV,,building
-119.54797410085597,39.56575835137741,90711.0,NV,,building
-119.54768980080748,39.56510625130509,89076.0,NV,,building
-75.65431290741553,40.54423619107065,146248.0,PA,,building
-106.77647063706308,34.83028297052059,654617.0,NM,Meta,building
-104.83358763919368,39.55907170105136,28132.0,CO,,building
-122.06720998673867,38.24625878204932,55270.0,CA,,building
-111.88253182214665,33.26757617844676,98354.0,AZ,CyrusOne,building
-93.5163985612244,41.66773731235317,606958.0,IA,Meta,building
-77.45822142581041,39.00867671486767,396985.0,VA,Digital Realty,building
-77.43883923491136,39.01850733590168,105629.0,VA,Amazon Web Services,building
-77.47057790756796,39.01362014126083,140140.0,VA,Aligned,building
-77.45025584399268,39.02250015234666,76665.0,VA,Equinix,building
-77.4799880049684,39.01449812159213,131966.0,VA,Sabey Data Centers,building
-77.47261400700225,39.01829557276318,124046.0,VA,NTT,building
-77.4725949606788,39.01986885247179,160282.0,VA,NTT,building
-77.46278492885698,39.01015664517334,499194.0,VA,CloudHQ,building
-77.46245654474913,39.01176419603625,252770.0,VA,CloudHQ,building
-77.43559835674785,38.9967245725433,103076.0,VA,Amazon Web Services,building
-112.36482981743816,33.40794624396243,246184.0,AZ,Microsoft,building
-96.13364372425686,41.12194722186616,6242843.0,NE,Meta,campus
-77.45455808439559,39.01182265065321,78961.0,VA,Equinix,building
-73.89790099960555,40.95126975040576,13426.0,NY,,building
-82.74890966242867,40.06527171787832,663286.0,OH,Meta,building
-119.8951561143571,47.23709780537748,216848.0,WA,,building
-111.6195525034396,33.344131138754335,112901.0,AZ,,building
-83.19821400000001,42.21390200001323,953.0,MI,Comcast,building
-104.78638139764936,38.98888835974735,47705.0,CO,SAP,building
-120.2139654565477,47.40724312100206,102013.0,WA,,building
-120.21413428085418,47.40741705535317,362519.0,WA,Actapio,campus
-120.21746237329,47.39214942683649,13946.0,WA,,building
-120.21787734999982,47.39179410004563,4004.0,WA,,building
-120.2175143749647,47.391756904098365,4003.0,WA,,building
-120.2169013334627,47.39175897510766,7706.0,WA,,building
-97.2554600255551,32.98829583281708,753193.0,TX,Meta,building
-97.24615495491396,33.004502129194734,79688.0,TX,,building
-77.4175500441367,38.98145515417609,215095.0,VA,Amazon Web Services,building
-77.4167856863848,38.98238771254631,216850.0,VA,Amazon Web Services,building
-95.93784939082518,41.25729103361583,35689.0,NE,News-Press & Gazette Company,building
-74.1402186895567,40.83344999607061,140278.0,NJ,,building
-86.63779793677823,36.03268133759001,93318.0,TN,,building
-86.85568727257493,35.92450968308544,285740.0,TN,,campus
-83.1996986090437,40.10257307151942,151703.0,OH,Amazon Web Services,building
-83.1997637520824,40.10358662896317,159123.0,OH,Amazon Web Services,building
-86.7915321749878,36.02321854497319,1834566.0,TN,,campus
-111.62196431898784,33.3442978188128,1602504.0,AZ,,campus
-77.65249934084503,38.8161031223026,152692.0,VA,Amazon Web Services,building
-111.84097388722816,33.342616247713266,20604.0,AZ,,building
-78.32812683838715,35.839325206702256,143011.0,NC,,building
-93.70254178906356,41.51674074828143,153956.0,IA,Microsoft,building
-93.70251346931218,41.51584274137181,149149.0,IA,Microsoft,building
-93.70630110395008,41.5158179370744,144428.0,IA,Microsoft,building
-93.70635081713183,41.51671171276783,146482.0,IA,Microsoft,building
-93.70633127239608,41.51850163161288,145134.0,IA,Microsoft,building
-93.7063124996927,41.51760660601612,143145.0,IA,Microsoft,building
-93.70249272354832,41.51764119065465,141016.0,IA,Microsoft,building
-93.70252494893268,41.51853822500233,141225.0,IA,Microsoft,building
-93.78703936226476,41.49787064306023,239270.0,IA,Microsoft,building
-93.78707464281725,41.49891302864557,243678.0,IA,Microsoft,building
-93.78856494092211,41.4982126945884,3691114.0,IA,Microsoft,campus
-93.78856494092211,41.4982126945884,3691114.0,IA,Microsoft,campus
-93.51662854518422,41.67117312225116,628003.0,IA,Meta,building
-78.94480168233245,43.07483783638032,16242.0,NY,Blockfusion,building
-113.54474869182133,37.062799199655686,1833.0,UT,Lumen Technologies,building
-86.91145719083487,33.40471562419184,665569.0,AL,,campus
-111.71916515034208,33.47542082249551,21279.0,AZ,,building
-91.58707810457734,41.70399842447885,2709.0,IA,,building
-80.9281209975006,35.17319550189212,61578.0,NC,TierPoint,building
-80.92635689076968,35.180053426012265,18094.0,NC,,building
-78.29095951194115,39.017644447296405,273198.0,VA,,campus
-87.64130393635244,41.86279831305618,61773.0,IL,CoreSite,building
-122.28415777716296,47.86469753279464,2369.0,WA,Unity Cable System,building
-110.7874236595772,32.092706483207095,14373.0,AZ,DirecTV,building
-115.00905166700048,36.05779722778458,2037873.0,NV,,campus
-115.00857680765697,36.056288380442616,143869.0,NV,Google,building
-115.00879721733386,36.05880161382709,141227.0,NV,Google,building
-85.74742813692481,34.9136919358168,144996.0,AL,Google,building
-85.74593535678355,34.91367641738197,141947.0,AL,Google,building
-77.5400258996867,39.05060777386236,140157.0,VA,,building
-97.06248797347524,32.44212970719258,144574.0,TX,Google,building
-97.06333284249686,32.44355545089075,138230.0,TX,Google,building
-87.26129639057423,36.62458167653138,169736.0,TN,Google,building
-82.76429366972576,40.06114460722927,145177.0,OH,Google,building
-96.14419028998032,41.12354217069119,666382.0,NE,Meta,building
-96.14485433047682,41.1207319993102,515084.0,NE,Meta,building
-96.14672977480356,41.13497469466853,152487.0,NE,Google,building
-105.02070322444692,39.98908743748672,188160.0,CO,JPMorgan Chase,building
-89.57480850448691,43.78218427328896,8257.0,WI,,building
-96.804396257992,32.53872184532015,41692.0,TX,,building
-77.43938662806684,39.01693014125531,127104.0,VA,Amazon Web Services,building
-122.93988400686504,45.55520512998273,97536.0,OR,Flexential,building
-87.95776458161538,41.99912438131275,215922.0,IL,Stream,building
-87.96519018575371,42.006843875852,298471.0,IL,Stack Infrastructure,building
-87.95113481547399,42.00260065820328,120616.0,IL,Stream,building
-73.75919958242348,42.74544108847024,10465.0,NY,,building
-93.82789533434016,41.540709217348976,220735.0,IA,Microsoft,building
-81.26456965310366,35.5903923643093,203410.0,NC,,building
-83.13490722876958,40.06014718926057,161757.0,OH,Amazon Web Services,building
-117.53714762552474,47.59461614024328,14085.0,WA,,building
-78.8567969651793,38.46254477041857,505755.0,VA,,campus
-73.51671558521066,41.09183280598617,10526.0,CT,,building
-94.7552318373576,38.94066934722939,58095.0,KS,TierPoint,building
-77.49989682110625,38.717028377885455,399915.0,VA,CloudHQ,building
-81.82513233085027,35.316554514924,319829.0,NC,Meta,building
-81.82474729583835,35.315698382784056,4849510.0,NC,Meta,campus
-77.43838436569268,39.01608221259819,105735.0,VA,Amazon Web Services,building
-77.56412899431636,39.07478688334023,155317.0,VA,Microsoft,building
-121.95533775020122,37.36905321130347,38759.0,CA,NTT,building
-84.26431627074264,34.07592247657671,149055.0,GA,,building
-86.78368364527593,36.21535165955505,191585.0,TN,BNYM,building
-77.55535615935244,38.94928209940735,1735467.0,VA,,campus
-77.56054492011098,38.94808953816639,104431.0,VA,Amazon Web Services,building
-77.56045170040849,38.94989544830295,104434.0,VA,Amazon Web Services,building
-122.93791223873744,45.554197103944304,94010.0,OR,Stack Infrastructure,building
-83.06975885855375,42.32617958756391,46220.0,MI,Quicken Loans,building
-111.3042449169628,42.317295842348535,4081.0,ID,The Church of Jesus Christ of Latter-day Saints,building
-83.37670351660657,36.32807395055384,1232.0,TN,,building
-77.5396744253525,39.04409911181553,78907.0,VA,True North Data Solutions,building
-122.9296313964584,45.55876356137954,172698.0,OR,Quality Technology Services,building
-119.68835481078412,45.83792394838973,210994.0,OR,Amazon Web Services,building
-119.6931290980946,45.83754024756914,211026.0,OR,Amazon Web Services,building
-119.60564495354758,45.84665461437445,211938.0,OR,Amazon Web Services,building
-104.71275427482882,39.729478071116986,184275.0,CO,,building
-78.74920687191288,43.04498475079566,41938.0,NY,,building
-122.93190590213918,45.55877963410689,171585.0,OR,Quality Technology Services,building
-122.93522042560193,45.55880139187874,168921.0,OR,Quality Technology Services,building
-122.93294634090128,45.5587812168356,173993.0,OR,Quality Technology Services,building
-122.9382474261934,45.559469442156384,337274.0,OR,Flexential,building
-87.91840525370044,42.67566516635273,9094.0,WI,,building
-81.65777529837548,41.50506588325723,29490.0,OH,,building
-80.57017464245234,35.179383199219835,608141.0,NC,,campus
-76.11592528923454,43.01207616834648,12169.0,NY,Syracuse University,building
-77.42970207458241,39.03230534445815,131936.0,VA,Amazon Web Services,building
-76.55173790938491,39.29355879768687,3880.0,MD,,building
-96.67610355446038,33.00895262021403,605006.0,TX,,campus
-112.05062821391914,40.56409515233066,146408.0,UT,,building
-121.27743720748433,38.59229735741739,29318.0,CA,EdgeConneX,building
-112.3770584915453,33.43946838545604,224651.0,AZ,,building
-111.95249099702062,33.39440984512777,16956.0,AZ,,building
-96.14504543454542,41.12784313945287,182408.0,NE,Travelers Insurance,building
-86.81557369600324,35.92045930433349,74934.0,TN,Flexential,building
-122.62504386293934,46.94142447057516,9139.0,WA,,campus
-93.52766189092016,41.55808334363262,6991.0,IA,,building
-93.52815685258032,41.55813064318698,16920.0,IA,,building
-95.8541491705349,36.08125144033206,8589.0,OK,,building
-77.42547991599417,38.97986799140556,86503.0,VA,Amazon Web Services,building
-84.88357121180205,32.4980963034713,420795.0,GA,DLI ONE,campus
-84.8835713174046,32.49826721190269,116660.0,GA,,building
-77.43535922197498,38.99501200382876,102767.0,VA,Amazon Web Services,building
-81.56454528552736,28.57794329871264,8403.0,FL,,building
-72.80100588134881,41.47880657858901,53967.0,CT,,building
-86.69188299975418,34.7454310001572,16411.0,AL,,building
-123.03368547875328,44.93802973611572,24529.0,OR,CenturyLink,building
-84.57973805393436,33.746561602113815,313479.0,GA,Digital Realty,building
-84.57973805393436,33.746561602113815,313479.0,GA,Digital Realty,building
-84.58726858074978,33.75502503782062,171499.0,GA,Switch,building
-83.13460627634682,40.05932515588516,170922.0,OH,Amazon Web Services,building
-83.13409055935804,40.05830889449401,133709.0,OH,Amazon Web Services,building
-83.13275276040426,40.06077960066598,142297.0,OH,Amazon Web Services,building
-111.88190865991773,33.266358037761506,138671.0,AZ,,building
-111.88251618115731,33.2687661963882,103008.0,AZ,CyrusOne,building
-111.88158696587298,33.26974107141648,102958.0,AZ,CyrusOne,building
-122.18073854179175,37.43343706484073,10145.0,CA,,building
-87.52019308155617,41.707418451036666,116014.0,IN,Digital Crossroad,building
-77.43402771215538,39.02630118372146,60930.0,VA,CyrusOne,building
-115.2230609078074,36.055585829479206,206411.0,NV,,building
-77.42747327984164,39.02891562520285,132388.0,VA,Amazon Web Services,building
-77.42894228408753,39.03047299575455,132374.0,VA,Amazon Web Services,building
-77.43807112136984,39.00177881929864,115613.0,VA,Vantage Data Centers,building
-77.56303534723706,39.07550786595816,97581.0,VA,Microsoft,building
-97.15661083483384,32.97215494101558,176383.0,TX,,building
-77.47974227140159,38.91657561831895,156644.0,VA,Amazon Web Services,building
-77.47870521719227,38.916150911627575,155542.0,VA,Amazon Web Services,building
-77.52310750749479,38.947946059437584,156166.0,VA,Amazon Web Services,building
-77.52218796260958,38.946539218555614,16739.0,VA,Amazon Web Services,building
-77.49717993007393,38.955863227653474,153273.0,VA,Amazon Web Services,building
-77.50575020782452,38.95830777005175,266078.0,VA,CyrusOne,building
-77.54596524435513,38.77724872325061,158664.0,VA,,building
-77.547073196661,38.77791724644345,163790.0,VA,,building
-77.53988381836808,38.78015146527289,149064.0,VA,Amazon IAD96,building
-77.53942706487335,38.77845091390774,214748.0,VA,Amazon IAD95,building
-77.54289591312165,38.77934250130272,214662.0,VA,Amazon IAD75,building
-77.50490133103251,38.73597010187111,214338.0,VA,Amazon Web Services,building
-77.50569511718139,38.735440154226055,214330.0,VA,Amazon Web Services,building
-77.506642396707,38.73459785381264,214611.0,VA,Amazon Web Services,building
-77.49900908655816,38.723181946660446,351091.0,VA,CloudHQ,building
-88.13389076420349,42.07695198404611,2105271.0,IL,,campus
-74.53775798797324,40.54452566835303,18407.0,NJ,,building
-74.53749197400815,40.54083886834628,57471.0,NJ,,building
-77.53338365008187,38.74305258344758,112502.0,VA,Amazon Web Services,building
-77.47557114316258,38.99807915433332,156810.0,VA,Quality Technology Services,building
-84.41955232430595,33.77750521515184,283307.0,GA,Quality Technology Services,building
-98.7874709988236,29.41898804241692,109489.0,TX,,building
-98.806374449939,29.4129769887884,228897.0,TX,Microsoft,building
-98.80331595094908,29.41579676372189,228882.0,TX,Microsoft,building
-98.8045147999406,29.415795638787,228885.0,TX,Microsoft,building
-88.21666504030928,43.05138860290855,47298.0,WI,WE Energies,building
-115.06266954999842,36.18299775012923,11601.0,NV,,building
-111.64752987065916,33.35201067934632,654105.0,AZ,EdgeConneX,building
-77.55711533400657,38.77885736291117,14469.0,VA,Amazon Web Services,building
-115.21368205577332,36.05914890088559,27670.0,NV,,building
-115.07677875306494,36.143646142312384,27777.0,NV,Switch,building
-115.0766965000049,36.14276349998916,15026.0,NV,Switch,building
-80.28691594165383,26.18499694137505,49233.0,FL,,building
-88.72856898056978,41.88904034750541,12793294.0,IL,Meta Platforms,campus
-122.91221283734208,45.556621303589225,111564.0,OR,EdgeConneX,building
-82.75145548070124,40.09361643944408,154029.0,OH,Amazon Web Services,building
-82.75205114610061,40.09653435041937,154677.0,OH,Amazon Web Services,building
-82.74749104888826,40.09404615807959,161123.0,OH,Amazon Web Services,building
-91.7409058590938,35.2492158371357,4580.0,AR,City of Searcy,building
-77.4712911922763,38.9958476154284,131476.0,VA,Amazon Web Services,building
-77.47326247561796,38.99660796472238,131482.0,VA,Amazon Web Services,building
-77.48497952310191,39.0046791526227,686547.0,VA,,campus
-77.48159549467017,39.00169800147741,2859895.0,VA,,campus
-77.41779460624687,38.98103411725457,1789925.0,VA,,campus
-77.41110852642319,38.98782988809138,1069380.0,VA,,campus
-77.42605829279701,38.981619328745744,1128056.0,VA,,campus
-77.4257836910691,38.98473223230382,384105.0,VA,,campus
-112.01507681579746,40.26828850505122,344790.0,UT,Meta,building
-112.01512736677896,40.2655639892377,626371.0,UT,Meta,building
-94.7683727731216,38.926805991335975,4912.0,KS,,building
-77.44944907275473,39.00571934215422,218174.0,VA,Digital Realty,building
-119.60703845354756,45.84666781437448,211938.0,OR,Amazon Web Services,building
-119.60906254768788,45.846753781437606,221562.0,OR,Amazon Web Services,building
-77.23380499305182,37.48196326360026,327920.0,VA,Meta,building
-81.83484809231037,28.29407690335012,22578.0,FL,,building
-115.14721141845384,36.05972751073122,58547.0,NV,,building
-112.01505471830352,40.27233431054834,628165.0,UT,Meta,building
-112.01771937397096,40.26819070295294,22734233.0,UT,,campus
-77.43777001853674,39.015262930158144,14384.0,VA,Amazon Web Services,building
-96.14365637259768,41.11410707210003,7817408.0,NE,,campus
-110.3047516999998,31.972674750091077,7539.0,AZ,DirecTV,building
-83.70034219452744,33.60076107577663,9032398.0,GA,Meta,campus
-83.70541734238208,33.6013709927818,660258.0,GA,Meta,building
-111.88504405838351,40.68552518346084,28092.0,UT,Flexential,building
-119.68986643174064,45.83654228757941,213828.0,OR,Amazon Web Services,building
-77.53332238839505,38.74428601144499,111697.0,VA,Amazon Web Services,building
-77.53750921534285,38.745958588783616,257960.0,VA,,building
-77.53062487747106,38.74388634728904,149206.0,VA,Amazon Web Services,building
-77.5291961000727,38.74405494832178,104114.0,VA,Amazon Web Services,building
-121.96598983231348,37.3899327218429,98142.0,CA,Amazon Web Services,building
-80.03831641068669,33.06202195137125,182645.0,SC,Google,building
-80.03966007767937,33.06217398793264,181261.0,SC,Google,building
-80.041154478933,33.0620532330343,206252.0,SC,Google,building
-80.03845634859405,33.064311956552835,181645.0,SC,Google,building
-80.0384282206963,33.06643643704493,131216.0,SC,Google,building
-80.0435751320087,33.06415660970066,249320.0,SC,Google,building
-80.04505685925874,33.062000589098496,697831.0,SC,Google,building
-80.04606755156347,33.06443480153904,145533.0,SC,Google,building
-83.69683907912508,33.60009367954904,763506.0,GA,Meta,building
-83.69501281261269,33.59802145151715,342886.0,GA,Meta,building
-120.20768784943974,47.416868024109554,246129.0,WA,Microsoft,building
-120.19160109219082,47.40758548151772,135020.0,WA,Sabey Data Centers,building
-95.80485695055478,41.17734372844027,76005.0,IA,Google,building
-95.80637969473156,41.17727415208592,318940.0,IA,Google,building
-95.8032146599412,41.17745636098298,258223.0,IA,Google,building
-95.80096717468037,41.17748290529598,211543.0,IA,Google,building
-95.80676284722784,41.17554012114429,131491.0,IA,Google,building
-95.80565239909376,41.17554005850446,129827.0,IA,Google,building
-95.80449329746104,41.17554283490945,132118.0,IA,Google,building
-95.8033895382722,41.175543648575314,132254.0,IA,Google,building
-95.80222393205068,41.175547389125526,130820.0,IA,Google,building
-95.80111944856117,41.17554529809748,129628.0,IA,Google,building
-95.79994803209584,41.17555376295006,134444.0,IA,Google,building
-95.80402364214318,41.1726347246986,174264.0,IA,Google,building
-95.80252143647044,41.172640078023726,174583.0,IA,Google,building
-95.8011477197886,41.17261142832355,158241.0,IA,Google,building
-93.78699632287524,41.49683039481866,242270.0,IA,Microsoft,building
-93.82631357913507,41.5398138870052,90065.0,IA,Microsoft,building
-93.82866540068235,41.539670453163886,80538.0,IA,Microsoft,building
-121.9423061882177,37.3611399057634,108346.0,CA,,building
-90.03416995691286,34.99348804291279,812955.0,MS,xAI,building
-122.94108717504778,45.55539062526872,20041.0,OR,Flexential,building
-122.93929618708306,45.55642410414443,180357.0,OR,Flexential,building
-98.65314490826424,29.4491563911304,140321.0,TX,Quality Technology Services,building
-111.6303055253432,33.34359228321252,14850970.0,AZ,Meta,campus
-104.7885349003077,38.78617187499131,74307.0,CO,,building
-82.3683379069368,28.07385598681517,30643.0,FL,Flexential,building
-77.45200064122655,39.01674414789713,96372.0,VA,Amazon Web Services,building
-77.45314511765301,39.01588594875254,96367.0,VA,Amazon Web Services,building
-77.47518883996233,39.01041104054181,208188.0,VA,Aligned,building
-77.51744670998576,38.75469273948548,153531.0,VA,Quality Technology Services,building
-112.3648033961419,33.40903088866142,248866.0,AZ,Microsoft,building
-73.97183915643684,41.05233000835496,262772.0,NY,,building
-84.61608084611743,33.73105742976977,213895.0,GA,Flexential,building
-87.26351478308135,36.62483034098189,169733.0,TN,Google,building
-87.25902652953205,36.62430276342711,169748.0,TN,Google,building
-77.41749033094966,38.97955740282415,132491.0,VA,Amazon Web Services,building
-79.03072271617526,43.082056267934384,61559.0,NY,US Bitcoin,building
-75.42087693876488,40.12187904293604,62375.0,PA,TierPoint,building
-122.94931170322876,45.55406423294568,155423.0,OR,Aligned Data Centers,building
-119.4755137508722,39.51406782848832,628883.0,NV,,building
-119.48485275056316,39.51387049344325,296544.0,NV,,building
-111.92029244663202,40.76678608763819,12565.0,UT,Flexential,building
-98.67062972115532,29.470679241649435,92543.0,TX,,building
-77.45232686183614,39.02425729354276,87843.0,VA,Equinix,building
-77.5559109545917,38.94825818613084,242344.0,VA,Microsoft,building
-119.32052237838585,45.901449845508274,227376.0,OR,Amazon Web Services,building
-119.32049760712084,45.90276331956975,217425.0,OR,Amazon Web Services,building
-119.32048702148562,45.90385105351774,219900.0,OR,Amazon Web Services,building
-119.32016656388495,45.9050943707071,219735.0,OR,Amazon Web Services,building
-94.59555838490552,39.32235240495545,13516765.0,MO,Meta,campus
-94.59555838490552,39.32235240495545,13516765.0,MO,Meta,campus
-119.26998056724548,45.915709847092806,15313.0,OR,,building
-77.56077132424072,39.06964742434577,242639.0,VA,,building
-77.55943345346945,39.0696544548206,247061.0,VA,,building
-77.22645499748526,37.47784537590615,604696.0,VA,Meta,building
-111.99712196333098,33.460806376980806,156513.0,AZ,Quality Technology Services,building
-89.94870327621621,38.81056014127996,204.0,IL,,building
-77.3640040682946,38.95145144209857,40517.0,VA,CoreSite,building
-77.51947530248223,38.747595868302135,214270.0,VA,Amazon Web Services,building
-77.52070480173404,38.7483738354232,214258.0,VA,Amazon Web Services,building
-77.51311070311338,38.75251711498091,123471.0,VA,Quality Technology Services,building
-76.85140715035047,39.13368478590359,112205.0,MD,,building
-120.89459613565027,44.30167224151622,455401.0,OR,,building
-120.894594693301,44.29928794775434,241183.0,OR,,building
-122.919968912523,45.568459285228734,287848.0,OR,Digital Realty,building
-87.97595597595401,41.707134165979966,12413.0,IL,UChicago Argonne LLC,building
-83.1995825830434,40.10176652448264,150776.0,OH,Amazon Web Services,building
-83.19947533976502,40.10076813040696,150211.0,OH,Amazon Web Services,building
-83.1992604839832,40.09978650124,131786.0,OH,Amazon Web Services,building
-88.00726495418601,41.98791937605658,113535.0,IL,NTT,building
-91.91999887343924,44.87716526998907,3368.0,WI,West Wisconsin Telcom,building
-121.97305665064762,37.37607876788322,60989.0,CA,CoreSite,building
-86.6269185980179,34.847333791994075,578342.0,AL,Meta,building
-86.62886566493462,34.843182229068525,352651.0,AL,Meta,building
-86.62884123942305,34.84043160671047,857148.0,AL,Meta,building
-77.41990459458856,38.97914745231349,129566.0,VA,Amazon Web Services,building
-77.49759322033701,38.95733457436757,1524370.0,VA,,campus
-120.20770997491816,47.41832392189266,235418.0,WA,Microsoft,building
-120.21382073657306,47.419636588714944,234834.0,WA,Microsoft,building
-93.86344403715006,41.534990295223466,250486.0,IA,Microsoft,building
-77.52742942359154,38.94182146398183,289889.0,VA,Google,building
-120.16009077106148,47.35949692084332,241836.0,WA,,building
-120.15997586326914,47.35842571835008,232237.0,WA,,building
-120.15954624801124,47.3574330116489,248918.0,WA,,building
-96.98194594256124,32.89476229626733,141788.0,TX,,building
-77.41935734925377,38.981546018635534,14733.0,VA,Amazon Web Services,building
-104.9075161092094,41.12539868568295,29178.0,WY,,building
-104.89953749554007,41.12645973663428,33657.0,WY,,building
-104.90197773507904,41.12541097703015,51590.0,WY,,building
-104.90814229902796,41.12226600580698,218419.0,WY,,building
-104.909516950286,41.12224618145857,216879.0,WY,,building
-75.47762899857408,40.15222044689243,110941.0,PA,Flexential,building
-116.267507299213,43.4631412647369,15951730.0,ID,Meta,campus
-77.49567435184785,38.91725619520494,150112.0,VA,Amazon Web Services,building
-77.51930184592597,38.76036060090534,103128.0,VA,Amazon Web Services,building
-77.51822099585065,38.76110475090396,104697.0,VA,Amazon Web Services,building
-94.59806356908612,39.32265086779682,615937.0,MO,Meta,building
-77.47426402852584,38.99877154862717,152471.0,VA,Quality Technology Services,building
-77.45518312796617,38.995355290859365,153253.0,VA,Quality Technology Services,building
-77.45688789743473,38.995198628642754,135570.0,VA,Quality Technology Services,building
-77.4348013050765,38.989553544254186,132942.0,VA,Amazon Web Services,building
-77.47326655981455,39.01710249054327,91264.0,VA,,building
-77.47553126117117,39.02019007893849,111241.0,VA,NTT,building
-77.48182767102682,39.017878446923135,146234.0,VA,Databank,building
-77.45046549748376,39.01957792722464,131309.0,VA,PowerHouse,building
-77.45947386528228,39.01794777387917,158127.0,VA,,building
-106.77888911307576,34.825839640241206,588490.0,NM,Meta,building
-119.81798352548935,47.24481075189648,280235.0,WA,,building
-119.81481251567008,47.24427568966153,147278.0,WA,,building
-93.45595524492184,41.66679862807146,56626.0,IA,,building
-84.05926627312874,34.03623058231168,1452037.0,GA,Quality Technology Services,campus
-119.5378594125417,39.56971060147777,89816.0,NV,,building
-119.53709171254168,39.570052601477805,89816.0,NV,,building
-119.53603404605106,39.57059170801203,89821.0,NV,,building
-119.5353175625486,39.57098620148502,89824.0,NV,,building
-80.63309049266806,41.04105972873746,75379.0,OH,,building
-86.83338099610178,35.9510406627101,69261.0,TN,Flexential,building
-89.72140293849328,43.63833310938071,361.0,WI,,building
-86.37031411803846,36.408653770477216,17045005.0,TN,Meta,campus
-87.91746545885744,41.91398308559336,194551.0,IL,Aligned,building
-87.91749234723224,41.91296223024628,111422.0,IL,Aligned,building
-87.97218622171744,42.02314332706365,110471.0,IL,,building
-87.97555687597257,42.02304233326569,163237.0,IL,T5 Data Centers,building
-97.61896045736678,30.21539943501369,427833.0,TX,,building
-77.51852812758843,38.74697497598997,205206.0,VA,Amazon Web Services,building
-82.76452657909626,40.05963281203005,138878.0,OH,Google,building
-77.52358042964754,38.94913486865636,14235.0,VA,Amazon Web Services,building
-95.87791366422856,41.21209899075678,117949.0,IA,,building
-119.69404769468916,45.836184457262725,213843.0,OR,Amazon Web Services,building
-77.51061642582921,38.803345027236205,222846.0,VA,Equinix,campus
-97.31970940523344,32.65123418104135,42691.0,TX,,building
-121.7839986384854,37.24260507449007,76977.0,CA,Equinix,building
-77.50407510523524,38.73698426710412,141914.0,VA,Amazon Web Services,building
-77.49512778426042,38.71497031084338,122891.0,VA,CloudHQ,building
-111.88328970114856,33.26634359950168,138766.0,AZ,,building
-111.88162712790565,33.27196805840212,107618.0,AZ,,building
-111.88328211364428,33.27193710235771,108957.0,AZ,,building
-77.43985079751437,39.00310829243192,261859.0,VA,Vantage Data Centers,building
-93.45548176472272,41.66765686470181,30078.0,IA,,building
-96.08489874916177,41.18049999101002,237691.0,NE,Yahoo,building
-106.72917107190824,32.30965547587507,31837.0,NM,CenturyLink,building
-115.14705545021236,36.22189342504773,25096.0,NV,Verizon,building
-96.1440729015135,41.13491995864724,292941.0,NE,Google,building
-96.15590606506956,41.13439327581521,297438.0,NE,Google,building
-81.63280479310477,41.36106237331226,26393.0,OH,,building
-73.98749369632571,41.0362703541861,182539.0,NY,Bloomberg,building
-73.97576449873921,41.0344845031804,151516.0,NY,fifteenfortyseven Critical Systems Realty,building
-122.93942746009344,45.55421559561292,91092.0,OR,Stack Infrastructure,building
-122.94093896568214,45.55421716185695,93274.0,OR,Stack Infrastructure,building
-77.45247339430483,38.90434587232984,120946.0,VA,Amazon Web Services,building
-77.45475996912757,38.90483706376053,118988.0,VA,Amazon Web Services,building
-77.49055174718535,38.915904671232965,87645.0,VA,Amazon Web Services,building
-77.49097634789652,38.91498995679571,13879.0,VA,Amazon Web Services,building
-82.74763713445286,40.09298279215547,136329.0,OH,Amazon Web Services,building
-82.7321598268788,40.09344044223075,214329.0,OH,Amazon Web Services,building
-82.72755119564094,40.09215828085437,214261.0,OH,Amazon Web Services,building
-82.72649053707603,40.092965346506006,14223.0,OH,Amazon Web Services,building
-83.20139113655297,40.11625887855608,218032.0,OH,Amazon Web Services,building
-83.20208181892225,40.11739966334843,213349.0,OH,Amazon Web Services,building
-83.20025962657277,40.11904802129847,13652.0,OH,Amazon Web Services,building
-83.17546025829033,40.04935754088761,220580.0,OH,Amazon Web Services,building
-83.17528384542761,40.04813089818562,217845.0,OH,Amazon Web Services,building
-83.17754692245403,40.04790974075581,14456.0,OH,Amazon Web Services,building
-82.76528495795795,40.05795740696205,284807.0,OH,Google,building
-82.77177556209224,40.059342128156295,294201.0,OH,Google,building
-82.75098831560908,40.06037970378648,608761.0,OH,Meta,building
-82.99487523065918,39.85209794675051,289874.0,OH,Google,building
-77.58252358239119,38.776122951150654,289731.0,VA,Google,building
-119.60509631980196,45.85874996159125,210570.0,OR,Amazon Web Services,building
-119.60513360298896,45.86008348238562,211904.0,OR,Amazon Web Services,building
-119.6051531215301,45.8609694312574,216528.0,OR,Amazon Web Services,building
-119.6517767921927,45.841481031506696,13765.0,OR,Amazon Web Services,building
-119.23183081247244,45.9206369354048,216430.0,OR,Amazon Web Services,building
-119.22998114838396,45.92064708433544,211240.0,OR,Amazon Web Services,building
-119.361958718014,45.79777489027666,216777.0,OR,Amazon Web Services,building
-119.3666580013381,45.799165042059165,216903.0,OR,Amazon Web Services,building
-82.69112739236837,39.724010166114695,289253.0,OH,Google,building
-77.51721534270156,38.74614581949864,212702.0,VA,Amazon Web Services,building
-77.48579976531855,38.92131351222202,133944.0,VA,Amazon Web Services,building
-77.47107161222901,38.99509407061763,14683.0,VA,Amazon Web Services,building
-96.13289444072416,41.123572980157554,628560.0,NE,Meta,building
-96.1428365153122,41.11432923797791,625288.0,NE,Meta,building
-96.14155463388816,41.11216327459793,286253.0,NE,Meta,building
-93.50965654880696,41.67557150002093,493366.0,IA,Meta,building
-93.50603124097204,41.67582283535729,601076.0,IA,Meta,building
-87.54712130515388,37.362990903258414,442423.0,KY,,campus
-84.61123970385259,33.73070271823669,311176.0,GA,Flexential,building
-115.22111213586722,36.06402201453284,241776.0,NV,Switch,building
-104.0684982999999,41.18260120002003,1114.0,WY,,building
-77.50398435557676,38.740435867935545,95987.0,VA,,building
-88.00725702699874,41.98896681192547,115555.0,IL,NTT,building
-120.8699210224936,44.28575425519378,275217.0,OR,,building
-77.435175737807,38.986526005508,113421.0,VA,Amazon Web Services,building
-77.4407518987356,38.98862094741784,79844.0,VA,Aligned,building
-77.43393215610038,38.99226912328289,85319.0,VA,Digital Realty,building
-81.52197151267426,41.057431068795566,59427.0,OH,,building
-77.5202261632775,38.94736148494224,13569.0,VA,Amazon Web Services,building
-77.41752673157097,38.98357495375973,14079.0,VA,Amazon Web Services,building
-77.6221271999352,38.80289734729966,129225.0,VA,Amazon Web Services,building
-77.53309395336687,38.7451198113642,14507.0,VA,Amazon Web Services,building
-77.65433143122239,38.81459760122616,14389.0,VA,Amazon Web Services,building
-77.65215913005484,38.81696824406837,149332.0,VA,Amazon Web Services,building
-83.21583366417357,40.13418977024933,233609.0,OH,Amazon Web Services,building
-119.22880463589556,45.92059672458088,225421.0,OR,Amazon Web Services,building
-119.2270042542206,45.920560005801455,217375.0,OR,Amazon Web Services,building
-119.22609033042734,45.919515285726376,16064.0,OR,Amazon Web Services,building
-119.3416517837596,45.88251750222229,218698.0,OR,Amazon Web Services,building
-119.60511168543223,45.86225295877379,211930.0,OR,Amazon Web Services,building
-119.60487161226038,45.85803760730771,12811.0,OR,Amazon Web Services,building
-119.65130207689772,45.840670297393935,13923.0,OR,Amazon Web Services,building
-119.63208588156591,45.81993095962179,212775.0,OR,Amazon Web Services,building
-82.99616096097107,39.84875267736796,11463730.0,OH,Google,campus
-82.75147401690785,40.09907370699043,1524640.0,OH,,campus
-84.2149739266172,34.10338317620051,173693.0,GA,,building
-104.89498384404324,41.125124440694,306030.0,WY,MineOne,campus
-77.54520013096746,38.77550687563078,181174.0,VA,,building
-112.37391953991316,33.44634015387983,238581.0,AZ,Microsoft,building
-77.58562711780785,38.7744165289811,289621.0,VA,Google,building
-77.62121027768342,38.80185736221658,127010.0,VA,Amazon Web Services,building
-77.62048061962223,38.80125678726276,130170.0,VA,Amazon Web Services,building
-77.54222100424613,38.77442331044019,89044.0,VA,,building
-77.54116863541392,38.77304294726684,106629.0,VA,,building
-77.51079702257591,38.75319464399268,137971.0,VA,Quality Technology Services,building
-77.51665238523324,38.758875222417394,139592.0,VA,,building
-95.79220329121615,41.17359488843065,294718.0,IA,Google,building
-95.78867836937772,41.17359750472643,296835.0,IA,Google,building
-81.80285198960169,41.44249497050612,974789.0,OH,T5 Data Centers,campus
-77.53829965963824,39.042552536948456,40683.0,VA,True North Data Solutions,building
-77.53922373708994,39.04162316420013,60458.0,VA,True North Data Solutions,building
-77.54087429950766,39.04350173521111,77498.0,VA,True North Data Solutions,building
-86.36966140352041,36.41186544511472,626571.0,TN,Meta,building
-121.04003747175076,37.66514737401328,6017.0,CA,Yosemite Community College District,building
-98.4626474985889,29.68640301722139,445.0,TX,GVTC,building
-96.65427329455416,32.9836681552358,280635.0,TX,,building
-97.7312280300424,32.34174517429652,1768886.0,TX,Marathon Digital Holdings,campus
-77.55898682593282,38.94801698707017,130181.0,VA,,building
-77.55887032015698,38.95006466711818,130174.0,VA,,building
-77.53864812619635,38.76814288611768,181918.0,VA,,building
-92.13043071418323,46.82746658999977,27162.0,MN,,building
-80.76578188627896,35.32975386752092,62809.0,NC,Flexential,building
-77.4595379709394,39.01519834588525,70526.0,VA,Equinix,building
-77.46188736227928,39.01640762355167,101052.0,VA,Equinix,building
-98.54132736832202,29.58014145508233,36241.0,TX,HEB,building
-81.84262698059472,33.642273149086826,3608146.0,SC,Meta,campus
-88.72185807435966,41.88853040860736,568454.0,IL,Meta,building
-88.73105377072714,41.88928381978822,568442.0,IL,Meta,building
-88.72635519613044,41.89027497092366,320184.0,IL,Meta,building
-86.3660125010422,36.41135065140836,626568.0,TN,Meta,building
-86.36660783519794,36.40604868216981,626683.0,TN,Meta,building
-96.15143114556096,41.1379099302681,297414.0,NE,Google,building
-121.97450722223287,37.370642952923895,124069.0,CA,,building
-121.9468448755741,37.36403183434052,132031.0,CA,Vantage Data Centers,building
-121.9472163527582,37.37093636866237,155689.0,CA,Digital Realty,building
-115.21038851286193,36.05813028989026,484037.0,NV,,campus
-111.99753426906965,33.46474691950877,162484.0,AZ,Quality Technology Services,building
-77.49143162866764,38.96085555401278,399540.0,VA,Digital Realty,building
-93.78705539830352,41.49580619609169,247197.0,IA,Microsoft,building
-93.7870205983035,41.49474989609202,247201.0,IA,Microsoft,building
-93.92440196315307,41.61685112776159,313804.0,IA,Apple,building
-77.5495090011084,38.94986181026408,172204.0,VA,,building
-83.04586008454727,40.22452425388648,307645.0,OH,,building
-78.94369603285817,33.674583221801456,91946.0,SC,,building
-119.48330528884722,39.51151960465572,390893.0,NV,,building
-77.54975704380365,39.05842724907653,200169.0,VA,,building
-77.55856949362979,39.06601533102111,153155.0,VA,,building
-93.06262672085371,44.73502983558099,10334558.0,MN,Meta,campus
-106.78246827061648,34.825823197722954,588461.0,NM,Meta,building
-93.38712828955704,45.14371136905177,114648.0,MN,,building
-119.81362252658953,47.25252755404145,252025.0,WA,,building
-119.86905124992496,47.24364491383648,119147.0,WA,,building
-77.42787142077401,38.92277280028818,135479.0,VA,,building
-77.42655352213022,38.921124573021366,130413.0,VA,,building
-77.42630675543383,38.9226915826871,132753.0,VA,,building
-77.47494238152574,38.99853677354994,829536.0,VA,,campus
-77.46211284959409,39.01071824022996,1553192.0,VA,,campus
-98.78780547219756,29.418348645320783,934177.0,TX,CyrusOne,campus
-98.63871379564972,29.450736236167327,104910.0,TX,,building
-98.788807852764,29.41845384292862,64212.0,TX,,building
-121.95626909177358,37.37575523104788,32249.0,CA,Csquare,building
-121.95536447297926,37.36897448736602,143246.0,CA,,campus
-77.46077416535871,39.00044576934913,128835.0,VA,,building
-77.46086691565762,38.99911305239166,130571.0,VA,,building
-77.4302535156073,38.99795881011448,187488.0,VA,,building
-84.5661312857646,39.38523874936671,1543625.0,OH,CyrusOne,campus
-121.96595642250188,37.40729868242747,26781.0,CA,DataBank,building
-122.6159312375102,44.77521879334287,2521.0,OR,Stayton Cooperative Telephone Company,building
-93.72031237839327,41.51586406763058,263940.0,IA,,building
-93.71976722360252,41.516863672550784,248069.0,IA,,building
-93.9973760190651,39.74404823646494,1433.0,MO,,building
-111.67808965639534,33.35323014577916,241211.0,AZ,,building
-119.34163563129184,45.87953253861672,218723.0,OR,Amazon Web Services,building
-119.3396900641125,45.88252484149941,218708.0,OR,Amazon Web Services,building
-82.76269811748983,40.05924761990545,95190.0,OH,,building
-93.86343863715008,41.53391629522377,250490.0,IA,Microsoft,building
-93.86346169206516,41.53283774495582,250494.0,IA,Microsoft,building
-93.86344214206296,41.53181414495484,250498.0,IA,Microsoft,building
-83.63835552524,41.46529826036125,21498189.0,OH,,campus
-115.14314455000994,36.168643800000766,439.0,NV,Flexential,building
-77.82624892405599,38.73721263324728,59703.0,VA,,building
-77.82580618898835,38.73822200703171,107125.0,VA,,building
-90.15645222216364,35.05996022239821,776966.0,TN,,building
-77.47199251742943,39.00235750653911,460596.0,VA,CloudHQ,building
-81.80215430324107,41.44246938202044,244723.0,OH,T5 Data Centers,building
-73.98965093105873,41.0399432449328,197452.0,NY,Databank,building
-74.06535725613013,40.784903830537054,39679.0,NJ,CoreSite,building
-82.75012924483033,40.10242869167073,213519.0,OH,Amazon Web Services,building
-82.75191229497905,40.10197816995511,125656.0,OH,Amazon Web Services,building
-82.73211149672552,40.09421858757698,213118.0,OH,Amazon Web Services,building
-82.72928126568107,40.09437825776618,72426.0,OH,Amazon Web Services,building
-82.73200435141196,40.0955017340038,211441.0,OH,Amazon Web Services,building
-82.772048580204,40.05652000741912,287008.0,OH,Google,building
-82.76761078944944,40.05392734996134,287583.0,OH,Google,building
-82.76761078944944,40.05392734996134,287583.0,OH,Google,building
-82.74054460541299,40.06149628180154,365548.0,OH,Meta,building
-82.74114938512078,40.065239403615855,304109.0,OH,Meta,building
-83.21264447651147,40.13579696334773,210421.0,OH,Amazon Web Services,building
-83.19930886076622,40.12007223395813,156855.0,OH,Amazon Web Services,building
-83.20321748466178,40.11930148042772,211969.0,OH,Amazon Web Services,building
-83.20252284370741,40.11811210088951,216190.0,OH,Amazon Web Services,building
-83.17552394889911,40.05017566216084,214085.0,OH,Amazon Web Services,building
-83.17571627041164,40.05152799488423,211155.0,OH,Amazon Web Services,building
-83.12585830529049,40.01641808152992,212842.0,OH,Amazon Web Services,building
-83.12602357320513,40.02101728573019,217920.0,OH,Amazon Web Services,building
-119.61966295645044,45.85173142305967,214042.0,OR,Amazon Web Services,building
-119.61968497991585,45.85310039256019,210337.0,OR,Amazon Web Services,building
-119.63200543136976,45.81870682167566,210662.0,OR,Amazon Web Services,building
-119.63626874113692,45.8186963213564,215555.0,OR,Amazon Web Services,building
-119.6362869627198,45.8199565841208,209033.0,OR,Amazon Web Services,building
-119.26861513231998,45.80963737114029,211502.0,OR,Amazon Web Services,building
-119.26861305271856,45.80827344729872,212806.0,OR,Amazon Web Services,building
-119.36173272155504,45.79902106441417,215405.0,OR,Amazon Web Services,building
-119.35844453136586,45.799686801643226,13837.0,OR,Amazon Web Services,building
-119.3589196247444,45.79773907760564,13867.0,OR,Amazon Web Services,building
-104.89701277770264,41.12439345701424,46211.0,WY,Microsoft,building
-104.90891013785874,41.12538272388359,60368.0,WY,Microsoft,building
-90.03486737827305,34.997983048006375,961601.0,TN,xAI,building
-95.51241664405325,35.56813484793012,112466.0,OK,,building
-77.53741191978271,39.04372564306367,4583218.0,VA,True North Data Solutions,campus
-77.53799755610363,39.04424691818141,169768.0,VA,True North Data Solutions,building
-93.09562181940242,45.13219704691406,74101.0,MN,Encompass,building
-94.86018510466296,38.93919968729018,86525.0,KS,,building
-83.12742344787743,40.05267287889233,89315.0,OH,Oppidan,building
-105.61048019591456,44.18923686731807,5975.0,WY,,building
-105.8206447445356,46.40689745786043,8493.0,MT,State of Montana,building
-115.2220449875616,36.065207561022845,223997.0,NV,Switch,building
-96.08466909067688,41.33914158417576,290161.0,NE,Google,building
-96.08771931019496,41.34193880105854,290130.0,NE,Google,building
-96.0935333091696,41.345162392266765,290105.0,NE,Google,building
-98.57244091744636,46.0135494595369,2706037.0,ND,Applied Digital,campus
-82.75637526337734,40.0556836587917,163319.0,OH,Quality Technology Services,building
-82.75657723017025,40.0531198921073,147657.0,OH,Quality Technology Services,building
-82.75816917488658,40.06356213641001,226711.0,OH,Quality Technology Services,building
-82.75805608235054,40.06510848413083,225116.0,OH,Quality Technology Services,building
-88.2469228118375,41.795384289880126,169253.0,IL,,building
-96.79316889732078,32.5389942949367,288830.0,TX,Google,building
-96.80209872095472,32.54551791172823,248978.0,TX,,building
-96.8020805923652,32.54420541262749,248985.0,TX,,building
-96.8020853923652,32.542912612627966,248988.0,TX,,building
-96.80209902095476,32.541602011729644,248989.0,TX,,building
-96.80210588253378,32.54029016067398,247998.0,TX,,building
-96.79361041648713,32.54267431004566,251939.0,TX,,building
-96.7936108455581,32.54399253578879,251912.0,TX,,building
-96.7936475711988,32.54529698511378,251911.0,TX,,building
-96.7885069389561,32.543965285497585,251923.0,TX,,building
-96.7884905818255,32.545296653507904,251941.0,TX,,building
-77.42497941796181,38.92310082624394,113584.0,VA,,building
-77.42469054341261,38.936479140978506,131768.0,VA,,building
-82.7644472443362,40.05393985497952,175532.0,OH,Google,building
-82.74695373508102,40.10249753450011,245446.0,OH,Vantage,building
-82.74711627367479,40.1005314675866,237734.0,OH,Vantage,building
-82.74724322674068,40.098765283375776,222450.0,OH,Vantage,building
-119.88741175976487,47.23859240981344,143441.0,WA,Microsoft,building
-98.71438661856558,29.449680291111807,154443.0,TX,,building
-98.71389142350314,29.45093084145712,154441.0,TX,,building
-98.71404701630988,29.45223054034249,154439.0,TX,,building
-94.59492397885744,39.32263663463124,307414.0,MO,,building
-77.46040491955637,39.01121179839231,241208.0,VA,,building
-97.07485524976092,32.54982270825038,188257.0,TX,"Aligned Data Centers, LLC",building
-77.54733847235092,39.05599415738426,149008.0,VA,,building
-77.54673255066474,39.05781905081905,106352.0,VA,,building
-77.56511220760098,39.08219102890557,200733.0,VA,,building
-88.00800375413563,41.98691359199497,83897.0,IL,NTT,building
-88.00476482597362,41.98909513231781,101346.0,IL,NTT,building
-77.58337970648039,38.79995610690815,247070.0,VA,Microsoft,building
-83.12417577793775,40.0207608591313,261665.0,OH,,building
-83.12318764145307,40.0212015751041,130027.0,OH,,building
-97.08018498547705,30.57331452461579,4357993.0,TX,,campus
-96.51328904143112,31.969859243171552,11717820.0,TX,,campus
-88.70305756107939,37.08923909811934,223516.0,KY,,campus
-88.81652212808933,43.510374241426895,18261491.0,WI,Meta,campus
-93.06186047500412,44.7347589273926,328419.0,MN,,building
-93.06488082739824,44.73450830563237,273743.0,MN,,building
-93.72088557839348,41.514853067630966,263944.0,IA,,building
-93.72140957839252,41.51388771763131,263950.0,IA,,building
-103.44862076924288,31.51347361003037,2238928.0,TX,IONIC Digital,building
-104.82549757192864,41.0779035259037,11352010.0,WY,Meta,campus
-116.2682278264812,43.46314906556169,311564.0,ID,,building
-116.27208493714188,43.46334884091311,374271.0,ID,,building
-82.67876276810777,37.60017671613885,15594.0,KY,,building
-111.6324625173746,33.34718733044236,652528.0,AZ,,building
-111.6289166123353,33.346322514530925,652573.0,AZ,,building
-111.62596778673522,33.34716881147752,337459.0,AZ,,building
-94.79677175730814,31.194175662576733,12987.0,TX,,building
-97.06091510587594,32.44011676786547,282284.0,TX,Google,building
-88.32007315006497,36.3270316008224,85491.0,TN,,campus
-90.0918524305196,32.597993067055405,16581378.0,MS,,campus
-77.54482173192463,39.05526150263189,139936.0,VA,,building
-77.54599489429808,39.05412168578732,116829.0,VA,,building
-77.5347491015584,39.05102051361264,303500.0,VA,,building
-121.96538823847324,37.38371826652648,80443.0,CA,,building
-121.95374429776638,37.36193156366279,136083.0,CA,Stack Infrastructure,building
-98.39162546590184,29.29300517623084,110391.0,TX,Amazon Web Services,building
-96.87984573921815,32.83781408062895,49683.0,TX,Prime,building
-83.00154872692079,40.115815974371074,100131.0,OH,,building
-77.58633953014488,38.779293094525954,289592.0,VA,Google,building
-77.51252254455412,38.752551271861215,128120.0,VA,Quality Technology Services,building
-122.91848930131913,45.57202757860564,176342.0,OR,Quality Technology Services,campus
-122.91989791093344,45.57007707507895,215922.0,OR,Quality Technology Services,campus
-119.86320668797936,47.24017868896512,504350.0,WA,,building
-87.25691732953204,36.62405506342714,169749.0,TN,Google,building
-84.52265191627977,33.44836060805451,227238.0,GA,Quality Technology Services,building
-84.52361886278894,33.450931799506705,340589.0,GA,Quality Technology Services,building
-112.0194203234161,40.26585616535565,378788.0,UT,,building
-112.0194525662908,40.26987560376367,310201.0,UT,,building
-115.08338594607392,36.1437162128849,49212.0,NV,Lumen Technologies,campus
-98.64068795395536,29.447408414068715,465165.0,TX,National Security Agency,campus
-111.67591118204945,33.35397593532737,7905597.0,AZ,Google,campus
-122.2796841184508,47.15959194833818,1848925.0,WA,,campus
-111.97730491362316,33.45214088175117,463636.0,AZ,Iron Mountain,campus
-97.70066952274377,30.20713756172528,505061.0,TX,,campus
-97.69793314800336,30.20595060024873,249430.0,TX,,campus
-74.06526820534951,40.78433424839382,438062.0,NJ,CoreSite,campus
-82.76621082766692,40.05820687502756,22688090.0,OH,Google,campus
-82.76621082766692,40.05820687502756,22688090.0,OH,Google,campus
-77.5594854254625,38.949312045394976,1575278.0,VA,Microsoft,campus
-117.23884634999423,33.15360010009989,13597.0,CA,,campus
-74.54801971324707,40.5242144195126,284322.0,NJ,,campus
-74.53843497464507,40.543339080969226,259234.0,NJ,,campus
-84.27398204266025,34.06098518875687,174649.0,GA,,campus
-112.07061506346676,33.49340636611736,365629.0,AZ,,campus
-99.03832882211478,40.72592346991134,356125.0,NE,,campus
-95.87801936248776,41.2122139766782,382799.0,IA,CyrusOne,campus
-77.45319381679391,39.02194771328794,287687.0,VA,Centersquare,campus
-96.09132616357904,41.3425757499019,21448981.0,NE,,campus
-111.61234316481308,33.353820971794995,3498780.0,AZ,NTT,campus
-111.97645506133328,33.45448755055384,1290579.0,AZ,Iron Mountain,campus
-77.0291491,38.902887900000046,135001.0,DC,CoreSite,point
-106.5893487,35.10329250000003,135001.0,NM,,point
-123.3286299,42.43788240000002,135001.0,OR,,point
-117.070888,32.77502519999998,135001.0,CA,,point
-80.3177484,25.7915453,135001.0,FL,,point
-80.42343460000001,25.646561700000035,135001.0,FL,,point
-91.1725454,30.40744599999997,135001.0,LA,,point
-122.68056199999998,45.52142480000003,135001.0,OR,Alco Properties,point
-84.3668585,33.77156769999996,135001.0,GA,Google,point
-122.25982310000002,37.86985210000005,135001.0,CA,,point
-79.1427063,37.41568800000001,135001.0,VA,,point
-97.6497453,35.46720489999999,135001.0,OK,,point
-106.6536712,35.092501500000004,135001.0,NM,Oso Grande,point
-119.4795921,39.51409629999995,135001.0,NV,Switch,point
-78.2253196,39.63098509999999,135001.0,WV,,point
-96.7828145,32.7825463,135001.0,TX,,point
-70.26137850000002,43.65783879999999,135001.0,ME,FirstLight,point
-86.9141546,40.42178999999997,135001.0,IN,,point
-86.9165454,40.4218543,135001.0,IN,,point
-78.851552,35.88139699999996,135001.0,NC,,point
-78.8515726,35.88136400000003,135001.0,NC,,point
-111.7526684,33.38041490000001,135001.0,AZ,,point
-111.7528888,33.38060100000002,135001.0,AZ,,point
-111.809686,33.31991570000004,135001.0,AZ,,point
-111.8405386,33.30296499999996,135001.0,AZ,,point
-111.728405,33.37998619999999,135001.0,AZ,,point
-77.2258825,38.91372360000001,135001.0,VA,Digital Realty,point
-82.2997617,29.67281869999996,135001.0,FL,University of Florida,point
-84.3914814,33.755518599999995,135001.0,GA,Digital Realty,point
-87.9539794,43.04394079999997,135001.0,WI,,point
-121.891051,37.402744900000016,135001.0,CA,"Stack Infrastructure, Incorporated",point
-121.891057,37.40263410000001,135001.0,CA,"Stack Infrastructure, Incorporated",point
-120.64151280000002,35.25531619999998,135001.0,CA,,point
-82.98839390000002,42.62794240000004,135001.0,MI,Dennis Sampier,point
-72.5898636,41.7070776,135001.0,CT,,point
-121.891646,37.3341181,135001.0,CA,CoreSite,point
-77.4146998,39.02548510000001,135001.0,VA,Amazon Web Services,point
-95.4860464,30.17813650000001,135001.0,TX,,point
-76.6064893,39.28770169999999,135001.0,MD,Crown Castle Fiber,point
-76.6203737,39.29175829999999,135001.0,MD,AiNET,point
-77.2115713,38.9208538,135001.0,VA,Lumen Technologies,point
-87.9610618,43.00937789999995,135001.0,WI,,point
-78.8123836,42.99020109999999,135001.0,NY,,point
-106.6526456,35.088628899999954,135001.0,NM,,point
-106.6489853,35.08444940000002,135001.0,NM,bigbyte.cc,point
-94.5788209,39.10118160000008,135001.0,MO,,point
-94.5811452,39.10090709999998,135001.0,MO,,point
-66.10898950000002,18.41743590000001,135001.0,PR,Microsoft,point
-87.63344,41.872881100000015,135001.0,IL,Netrality,point
-78.9385323,36.00309929999997,135001.0,NC,Duke Libraries,point
-84.310567,35.92951329999998,135001.0,TN,Oak Ridge National Laboratory,point
-122.3940005,37.7796531,135001.0,CA,Ntirety,point
-111.9017033,33.62736699999998,135001.0,AZ,,point
-111.9020476,33.627247700000005,135001.0,AZ,,point
-111.9139825,33.61166239999997,135001.0,AZ,,point
-122.0437382,37.971080899999976,135001.0,CA,,point
-87.6183067,41.853350700000014,135001.0,IL,Digital Realty,point
-87.6186071,41.85338270000003,135001.0,IL,Centersquare,point
-111.8843457,33.63448429999997,135001.0,AZ,,point
-87.6359383,41.8805271,135001.0,IL,,point
-111.8960985,33.64466630000003,135001.0,AZ,,point
-87.6314655,41.875940500000006,135001.0,IL,CoreSite,point
-112.1117142,33.664745499999945,135001.0,AZ,,point
-76.8115503,39.4273178,135001.0,MD,Expedient,point
-76.6204024,39.29175920000002,135001.0,MD,Lumen Technologies,point
-76.5916709,39.2746554,135001.0,MD,Expedient,point
-104.8431597,39.59387330000001,135001.0,CO,Flexential,point
-123.05594560000002,43.7971554,135001.0,OR,,point
-111.9700762,33.39558550000002,135001.0,AZ,EdgeConneX,point
-83.6276287,41.8072817,135001.0,MI,,point
-117.5030207,33.910289899999995,135001.0,CA,,point
-111.9773353,33.40513069999998,135001.0,AZ,,point
-111.9711539,33.41318559999996,135001.0,AZ,,point
-84.44946380000002,39.31593130000003,135001.0,OH,Flexential,point
-104.9941589,39.74597020000002,135001.0,CO,Flexential,point
-96.8193707,32.800410099999986,135001.0,TX,Flexential,point
-81.5817226,30.245748200000005,135001.0,FL,Flexential,point
-104.8488321,39.66104880000002,135001.0,CO,Flexential,point
-86.8084949,35.97272939999996,135001.0,TN,Flexential,point
-78.8291431,35.850528100000005,135001.0,NC,Flexential,point
-82.5399781,28.037299100000027,135001.0,FL,Flexential,point
-111.7278754,40.33264800000003,135001.0,UT,Flexential,point
-74.00445830000001,40.71992800000002,135001.0,NY,Digital Realty,point
-74.0084414,40.7176766,135001.0,NY,Digital Realty,point
-84.3911712,33.75598569999999,135001.0,GA,CoreSite,point
-106.6153476,35.08673849999998,135001.0,NM,UNM,point
-121.9628653,37.3666621,135001.0,CA,Prime,point
-74.4568563,40.55035010000003,135001.0,NJ,,point
-74.0750122,40.785394800000006,135001.0,NJ,H5,point
-121.9474176,37.322867500000015,135001.0,CA,,point
-73.818665,42.73563079999996,135001.0,NY,Lumen Technologies,point
-87.6180475,41.8535578,135001.0,IL,Equinix,point
-74.6688514,40.31555800000002,135001.0,NJ,,point
-74.0048163,40.65769569999999,135001.0,NY,Dataverge,point
-95.8382826,36.09947349999995,135001.0,OK,,point
-111.6352356,33.35667870000003,135001.0,AZ,,point
-118.23591439999998,34.0584789,135001.0,CA,CoreSite,point
-77.45379770000001,39.013791700000006,135001.0,VA,Equinix,point
-77.47195400000001,39.01601419999996,135001.0,VA,NTT,point
-77.6099636,38.79997309999995,135001.0,VA,NTT,point
-89.3922794,43.067716100000005,135001.0,WI,Lumen Technologies,point
-115.1398835,36.065940500000025,135001.0,NV,Fiberhub,point
-75.3397205,40.087918900000005,135001.0,PA,,point
-96.798496,32.778446900000006,135001.0,TX,,point
-122.19153160000002,47.95874409999997,135001.0,WA,,point
